time,latitude,longitude,depth,mag,magType,nst,gap,dmin,rms,net,id,updated,place,type,horizontalError,depthError,magError,magNst,status,locationSource,magSource
2020-06-10T03:45:53.960Z,35.8818333,-117.6908333,1.89,0.82,ml,16,78,0.07365,0.2,ci,ci39472504,2020-06-10T03:49:36.890Z,"20km ESE of Little Lake, CA",earthquake,0.31,0.54,0.109,11,automatic,ci,ci
2020-06-10T03:43:21.940Z,38.1747,-117.9173,15.9,0.4,ml,9,112.47,0.013,0.08,nn,nn00746250,2020-06-10T03:50:54.172Z,"29 km SE of Mina, Nevada",earthquake,,8.6,,,automatic,nn,nn
2020-06-10T03:38:40.039Z,61.1854,-147.132,1.5,1.8,ml,,,,0.86,ak,ak0207fz2r3y,2020-06-10T03:42:40.864Z,"42 km W of Valdez, Alaska",earthquake,,0.3,,,automatic,ak,ak
2020-06-10T03:32:24.810Z,38.1428,-117.9807,11.7,1.1,ml,15,106.42,0.02,0.12,nn,nn00746247,2020-06-10T03:45:21.487Z,"29 km SSE of Mina, Nevada",earthquake,,1.1,,,automatic,nn,nn
2020-06-10T03:31:50.110Z,38.173,-117.9083,5.7,0.9,ml,10,113.84,0.03,0.11,nn,nn00746246,2020-06-10T03:45:13.818Z,"29 km SE of Mina, Nevada",earthquake,,1,,,automatic,nn,nn
2020-06-10T03:27:25.410Z,38.133,-118.0005,2.6,0.4,ml,8,146.81,0.023,0.03,nn,nn00746245,2020-06-10T03:33:20.752Z,"30 km SSE of Mina, Nevada",earthquake,,8.5,,,automatic,nn,nn
2020-06-10T03:24:24.390Z,37.2791,20.4836,10,4.4,mb,,148,1.155,0.74,us,us6000a92u,2020-06-10T03:35:21.040Z,"57 km SSW of Lithakiá, Greece",earthquake,6.9,2,0.155,12,reviewed,us,us
2020-06-10T03:22:59.520Z,19.3328342,-155.2008362,4.54,1.77,ml,42,80,0.04302,0.13,hv,hv71549382,2020-06-10T03:28:49.820Z,"12 km SSE of Volcano, Hawaii",earthquake,0.32,0.81,0.24,9,automatic,hv,hv
2020-06-10T03:17:24.700Z,38.154,-117.9643,13.3,1.1,ml,19,105.52,0.02,0.08,nn,nn00746237,2020-06-10T03:22:40.279Z,"29 km SSE of Mina, Nevada",earthquake,,0.8,,,automatic,nn,nn
2020-06-10T03:15:36.508Z,62.0835,-146.7884,79,1.1,ml,,,,0.98,ak,ak0207fyxtde,2020-06-10T03:18:25.907Z,"10 km N of Nelchina, Alaska",earthquake,,0.9,,,automatic,ak,ak
2020-06-10T03:14:20.050Z,38.161,-117.8872,5.8,1,ml,11,140.86,0.017,0.05,nn,nn00746235,2020-06-10T03:22:32.516Z,"32 km SE of Mina, Nevada",earthquake,,0.3,,,automatic,nn,nn
2020-06-10T03:09:27.150Z,38.1712,-117.8612,7.8,1.3,ml,20,72.55,0.012,0.09,nn,nn00746232,2020-06-10T03:15:14.970Z,"32 km SE of Mina, Nevada",earthquake,,0.7,,,automatic,nn,nn
2020-06-10T03:00:44.540Z,38.1633,-118.0238,1.2,1.1,ml,18,86.8,0.028,0.13,nn,nn00746227,2020-06-10T03:04:34.715Z,"26 km SSE of Mina, Nevada",earthquake,,1.1,,,automatic,nn,nn
2020-06-10T02:53:24.240Z,17.912,-66.9176,10,2.56,md,22,222,0.0739,0.2,pr,pr2020162003,2020-06-10T03:15:19.524Z,"6 km S of Guánica, Puerto Rico",earthquake,0.68,0.59,0.47,17,reviewed,pr,pr
2020-06-10T02:41:58.800Z,38.2243,-117.7223,7.1,1.1,ml,16,125.86,0.018,0.05,nn,nn00746223,2020-06-10T02:52:42.075Z,"38 km ESE of Mina, Nevada",earthquake,,9,,,automatic,nn,nn
2020-06-10T02:41:01.070Z,38.1722,-117.8902,6.4,0.5,ml,10,101.32,0.018,0.07,nn,nn00746222,2020-06-10T02:51:53.705Z,"30 km SE of Mina, Nevada",earthquake,,1.3,,,automatic,nn,nn
2020-06-10T02:38:24.520Z,35.5308333,-117.359,8.45,1.85,ml,27,74,0.007403,0.17,ci,ci39472464,2020-06-10T02:49:12.500Z,"26km S of Trona, CA",earthquake,0.31,0.6,0.148,25,automatic,ci,ci
2020-06-10T02:35:09.200Z,38.8139992,-122.815834,2.25,0.78,md,19,50,0.01041,0.03,nc,nc73406106,2020-06-10T02:57:05.581Z,"7km NW of The Geysers, CA",earthquake,0.23,0.52,0.13,2,automatic,nc,nc
2020-06-10T02:35:09.020Z,38.1512,-117.9458,12.6,1.1,ml,18,73.18,0.024,0.07,nn,nn00746214,2020-06-10T02:39:14.452Z,"30 km SSE of Mina, Nevada",earthquake,,0.8,,,automatic,nn,nn
2020-06-10T02:31:43.100Z,38.1053,-118.092,2.8,1.2,ml,17,121.28,0.06,0.05,nn,nn00746211,2020-06-10T02:35:54.832Z,"31 km S of Mina, Nevada",earthquake,,1.5,,,automatic,nn,nn
2020-06-10T02:28:06.270Z,35.6105,-117.395,9.97,1.3,ml,15,178,0.0889,0.17,ci,ci39472424,2020-06-10T02:31:48.178Z,"17km S of Trona, CA",earthquake,0.54,1.03,0.172,16,automatic,ci,ci
2020-06-10T02:26:05.970Z,38.1663,-117.87,13.4,1,ml,12,81.35,0.011,0.03,nn,nn00746208,2020-06-10T02:30:21.441Z,"32 km SE of Mina, Nevada",earthquake,,2.6,,,automatic,nn,nn
2020-06-10T02:25:23.050Z,38.1473,-118.0163,0.2,0.6,ml,12,111.05,0.038,0.12,nn,nn00746207,2020-06-10T02:29:35.009Z,"28 km SSE of Mina, Nevada",earthquake,,5.6,,,automatic,nn,nn
2020-06-10T02:19:22.310Z,38.1403,-117.9793,5.7,1.8,ml,30,76.34,0.013,0.12,nn,nn00746203,2020-06-10T02:27:15.852Z,"29 km SSE of Mina, Nevada",earthquake,,0.4,,,automatic,nn,nn
2020-06-10T02:15:54.224Z,45.8335,15.9977,10,2.2,ml,,134,0.835,0.3,us,us6000a923,2020-06-10T03:24:57.448Z,"2 km NE of Zagreb, Croatia",earthquake,5.6,1.8,0.081,20,reviewed,us,us
2020-06-10T02:15:32.580Z,68.1183,-157.5368,5.2,1.1,ml,,,,0.39,ak,ak0207fycdgk,2020-06-10T02:21:04.534Z,"115 km N of Ambler, Alaska",earthquake,,0.4,,,automatic,ak,ak
2020-06-10T02:14:47.930Z,35.6055,-117.461,9.06,0.74,ml,9,154,0.1125,0.09,ci,ci39472408,2020-06-10T02:18:21.572Z,"19km SSW of Searles Valley, CA",earthquake,0.54,1.33,0.203,7,automatic,ci,ci
2020-06-10T02:10:03.140Z,38.204,-117.7422,13.4,0.9,ml,14,95.42,0.033,0.1,nn,nn00746198,2020-06-10T02:16:05.190Z,"38 km ESE of Mina, Nevada",earthquake,,1.6,,,automatic,nn,nn
2020-06-10T02:09:20.459Z,64.9719,-149.1742,0,1.3,ml,,,,0.82,ak,ak0207fyb27s,2020-06-10T02:14:12.098Z,"21 km SSE of Minto, Alaska",earthquake,,0.4,,,automatic,ak,ak
2020-06-10T02:08:05.270Z,38.1382,-118.0243,2.8,1.3,ml,12,124.3,0.066,0.07,nn,nn00746196,2020-06-10T02:14:02.858Z,"28 km SSE of Mina, Nevada",earthquake,,3.7,,,automatic,nn,nn
2020-06-10T02:05:05.860Z,17.9578,-66.8416,13,2.25,md,22,185,0.0414,0.13,pr,pr2020162002,2020-06-10T02:49:12.436Z,"4 km SSW of Indios, Puerto Rico",earthquake,0.53,0.23,0.11,4,reviewed,pr,pr
2020-06-10T02:04:20.140Z,35.8111649,-120.3421631,5.64,1,md,10,182,0.02145,0.03,nc,nc73406101,2020-06-10T02:22:04.392Z,"11km NNW of Cholame, CA",earthquake,2.84,2.04,,1,automatic,nc,nc
2020-06-10T02:03:36.150Z,35.6398333,-117.4523333,1.92,0.87,ml,12,167,0.1351,0.16,ci,ci39472400,2020-06-10T02:07:17.368Z,"15km SSW of Searles Valley, CA",earthquake,0.5,1.31,0.081,9,automatic,ci,ci
2020-06-10T02:01:08.640Z,38.232,-117.67,1,0.9,ml,15,163.86,0.027,0.08,nn,nn00746194,2020-06-10T02:13:54.778Z,"42 km ESE of Mina, Nevada",earthquake,,7.6,,,automatic,nn,nn
2020-06-10T02:00:28.750Z,32.1698333,-116.4995,18.74,1.65,ml,14,282,0.1994,0.21,ci,ci39472392,2020-06-10T02:04:17.028Z,"35km NNE of El Sauzal, B.C., MX",earthquake,1.69,1.16,0.169,15,automatic,ci,ci
2020-06-10T02:00:15.416Z,68.1283,-157.6172,6.3,2.5,ml,,,,0.93,ak,ak0207fy94dg,2020-06-10T02:14:49.040Z,"116 km N of Ambler, Alaska",earthquake,,0.3,,,automatic,ak,ak
2020-06-10T01:53:54.479Z,62.6762,-150.5099,63.1,1.4,ml,,,,0.79,ak,ak0207fxz4rb,2020-06-10T01:56:56.653Z,"23 km NNE of Petersville, Alaska",earthquake,,1,,,automatic,ak,ak
2020-06-10T01:50:42.794Z,62.0444,-149.6837,35.9,1.2,ml,,,,0.64,ak,ak0207fxygpj,2020-06-10T01:54:15.464Z,"15 km SSE of Y, Alaska",earthquake,,2,,,automatic,ak,ak
2020-06-10T01:49:31.210Z,38.8178329,-122.82267,2.11,1.21,md,30,47,0.01029,0.03,nc,nc73406096,2020-06-10T02:12:03.329Z,"7km NW of The Geysers, CA",earthquake,0.17,0.34,0.14,8,automatic,nc,nc
2020-06-10T01:48:06.535Z,34.996,22.4975,26.62,4.1,mb,,115,1.982,0.93,us,us6000a91h,2020-06-10T02:06:27.040Z,"111 km WSW of Palaióchora, Greece",earthquake,8.2,7.4,0.107,24,reviewed,us,us
2020-06-10T01:46:30.202Z,62.0419,-145.1441,18,1.6,ml,,,,0.63,ak,ak0207fxxkv6,2020-06-10T01:51:04.304Z,"10 km ENE of Silver Springs, Alaska",earthquake,,0.1,,,automatic,ak,ak
2020-06-10T01:43:16.060Z,38.1637,-117.9468,9,1.7,ml,21,91.65,0.02,0.11,nn,nn00746187,2020-06-10T01:55:25.707Z,"28 km SSE of Mina, Nevada",earthquake,,0.5,,,automatic,nn,nn
2020-06-10T01:39:31.910Z,38.0411682,-118.7594986,2.66,2.19,md,23,171,0.2904,0.05,nc,nc73406091,2020-06-10T02:01:03.421Z,"29km SE of Bodie, CA",earthquake,0.44,8.83,0.17,18,automatic,nc,nc
2020-06-10T01:33:53.450Z,38.1253,-117.7808,14.8,0.5,ml,12,175.96,0.03,0.03,nn,nn00746183,2020-06-10T01:40:24.336Z,"41 km SE of Mina, Nevada",earthquake,,3.4,,,automatic,nn,nn
2020-06-10T01:33:38.510Z,35.623,-117.4141667,12.26,1.3,ml,20,156,0.1059,0.22,ci,ci39472368,2020-06-10T01:37:23.881Z,"16km SSW of Trona, CA",earthquake,0.48,1.39,0.114,18,automatic,ci,ci
2020-06-10T01:32:32.966Z,65.9684,-142.0079,8.9,1.5,ml,,,,0.34,ak,ak0207fxul28,2020-06-10T01:35:40.429Z,"94 km E of Circle, Alaska",earthquake,,0.3,,,automatic,ak,ak
2020-06-10T01:30:12.540Z,33.4931667,-116.8011667,5.09,0.36,ml,16,117,0.01916,0.16,ci,ci39472360,2020-06-10T01:33:59.606Z,"8km NE of Aguanga, CA",earthquake,0.38,1.07,0.072,12,automatic,ci,ci
2020-06-10T01:25:33.413Z,-6.0193,111.9377,604.5,4.3,mb,,55,1.805,0.51,us,us6000a918,2020-06-10T02:42:09.725Z,"91 km NE of Lasem, Indonesia",earthquake,8.4,8,0.104,26,reviewed,us,us
2020-06-10T01:22:47.767Z,62.2667,-150.6638,58.5,1.3,ml,,,,0.53,ak,ak0207fxsh0a,2020-06-10T01:33:59.536Z,"23 km WSW of Trapper Creek, Alaska",earthquake,,0.6,,,automatic,ak,ak
2020-06-10T01:22:37.240Z,38.1758,-117.926,6.7,1.4,ml,14,76.79,0.043,0.14,nn,nn00746179,2020-06-10T01:33:25.126Z,"28 km SE of Mina, Nevada",earthquake,,0.5,,,automatic,nn,nn
2020-06-10T01:20:16.630Z,38.8375015,-122.7841644,1.1,0.41,md,12,109,0.00792,0.03,nc,nc73406081,2020-06-10T01:37:02.089Z,"6km WNW of Cobb, CA",earthquake,0.3,0.52,0.16,2,automatic,nc,nc
2020-06-10T01:17:41.180Z,38.1735,-117.8457,4.6,0.8,ml,9,114.67,0.033,0.1,nn,nn00746177,2020-06-10T01:23:24.322Z,"33 km SE of Mina, Nevada",earthquake,,0.6,,,automatic,nn,nn
2020-06-10T01:14:15.720Z,37.4796667,-118.7811667,4.02,1.89,md,29,124,0.1166,0.05,nc,nc73406071,2020-06-10T03:49:02.907Z,"13km SW of Toms Place, CA",earthquake,0.31,1.38,0.208,26,reviewed,nc,nc
2020-06-10T01:12:39.440Z,35.2338333,-120.421669,5.78,2.13,md,10,112,0.2116,0.09,nc,nc73406061,2020-06-10T03:47:02.893Z,"20km NE of Arroyo Grande, CA",earthquake,0.66,6.61,0.15,8,automatic,nc,nc
2020-06-10T01:12:35.130Z,38.1462,-118.0345,6.1,1.3,ml,18,126.45,0.02,0.13,nn,nn00746172,2020-06-10T01:16:04.912Z,"27 km SSE of Mina, Nevada",earthquake,,1.2,,,automatic,nn,nn
2020-06-10T01:11:36.154Z,7.2262,59.6076,10,4.4,mb,,84,12.519,0.62,us,us6000a910,2020-06-10T01:30:40.040Z,"857 km SE of Hadibu, Yemen",earthquake,11.2,1.9,0.083,42,reviewed,us,us
2020-06-10T01:11:14.750Z,37.486,-118.8038333,1.81,0.78,md,14,259,0.1058,0.03,nc,nc73406066,2020-06-10T03:29:10.771Z,"14km SW of Toms Place, CA",earthquake,0.61,2.07,0.282,13,reviewed,nc,nc
2020-06-10T01:08:01.910Z,38.1895,-117.7408,11.1,1.6,ml,18,99.52,0.028,0.1,nn,nn00746168,2020-06-10T01:13:25.283Z,"39 km SE of Mina, Nevada",earthquake,,1.7,,,automatic,nn,nn
2020-06-10T01:08:00.800Z,38.7623329,-122.7376633,1.47,0.5,md,6,142,0.01004,0.02,nc,nc73406056,2020-06-10T01:41:04.261Z,"2km SE of The Geysers, CA",earthquake,0.89,0.96,,1,automatic,nc,nc
2020-06-10T01:02:57.850Z,38.1448,-117.9862,8.1,1.9,ml,10,87.61,0.898,0.14,nn,nn00746165,2020-06-10T01:09:11.912Z,"29 km SSE of Mina, Nevada",earthquake,,1,,,automatic,nn,nn
2020-06-10T00:57:53.870Z,38.1595,-117.8742,9.6,1.1,ml,12,69.38,0.014,0.05,nn,nn00746162,2020-06-10T01:04:04.720Z,"32 km SE of Mina, Nevada",earthquake,,0.8,,,automatic,nn,nn
2020-06-10T00:57:28.570Z,33.2286667,-116.7376667,11.46,1.09,ml,45,23,0.01912,0.22,ci,ci39472336,2020-06-10T01:07:48.040Z,"3km ESE of Lake Henshaw, CA",earthquake,0.27,0.72,0.164,26,automatic,ci,ci
2020-06-10T00:57:00.560Z,37.6336667,-119.0335,0.62,0.35,md,7,121,0.009874,0.03,nc,nc73406041,2020-06-10T03:06:02.637Z,"5km W of Mammoth Lakes, CA",earthquake,0.25,0.51,0.304,8,reviewed,nc,nc
2020-06-10T00:49:40.050Z,17.9746,-66.841,16,2.34,md,23,181,0.0382,0.13,pr,pr2020162000,2020-06-10T01:17:59.324Z,"3 km SW of Indios, Puerto Rico",earthquake,0.4,0.35,0.11,5,reviewed,pr,pr
2020-06-10T00:47:46.410Z,37.6323333,-119.0361667,0.88,0.28,md,8,112,0.01196,0.04,nc,nc73406036,2020-06-10T03:08:02.648Z,"5km W of Mammoth Lakes, CA",earthquake,0.42,0.63,0.203,7,reviewed,nc,nc
2020-06-10T00:46:17.340Z,37.6355,-119.0291667,0.87,1.03,md,9,87,0.007416,0.05,nc,nc73406031,2020-06-10T02:47:03.529Z,"4km W of Mammoth Lakes, CA",earthquake,0.38,0.66,0.559,9,reviewed,nc,nc
2020-06-10T00:44:43.330Z,38.1212,-118.0655,1.5,1.1,ml,13,130.64,0.096,0.19,nn,nn00746159,2020-06-10T00:58:44.471Z,"30 km S of Mina, Nevada",earthquake,,16.2,,,automatic,nn,nn
2020-06-10T00:38:09.250Z,38.1208,-118.0632,5.5,1.5,ml,16,64.4,0.038,0.17,nn,nn00746155,2020-06-10T00:44:45.351Z,"30 km S of Mina, Nevada",earthquake,,2.6,,,automatic,nn,nn
2020-06-10T00:34:47.450Z,39.2007,-119.6485,1,1.1,ml,9,99.89,0.121,0.15,nn,nn00746154,2020-06-10T00:39:24.117Z,"6 km SW of Dayton, Nevada",earthquake,,11.3,,,automatic,nn,nn
2020-06-10T00:31:21.862Z,59.9051,-152.2363,64.9,0.8,ml,,,,0.39,ak,ak0207fx8wsk,2020-06-10T00:39:21.593Z,"26 km WNW of Anchor Point, Alaska",earthquake,,1.4,,,automatic,ak,ak
2020-06-10T00:29:04.450Z,18.9158,-67.699,2,3.39,md,18,185,0.575,0.54,pr,pr2020162001,2020-06-10T02:40:43.885Z,"78 km NW of San Antonio, Puerto Rico",earthquake,1.5,2.12,0.14,16,reviewed,pr,pr
2020-06-10T00:25:49.280Z,38.1693,-117.8438,5.5,1.5,ml,19,124.02,0.007,0.07,nn,nn00746151,2020-06-10T00:36:04.862Z,"33 km SE of Mina, Nevada",earthquake,,0.3,,,automatic,nn,nn
2020-06-10T00:21:13.160Z,38.2037,-117.7328,10,0.8,ml,10,205.81,0.021,0.04,nn,nn00746149,2020-06-10T00:24:24.023Z,"38 km ESE of Mina, Nevada",earthquake,,4.4,,,automatic,nn,nn
2020-06-10T00:18:21.450Z,38.1835,-117.8498,5.7,1.7,ml,20,76.24,0.023,0.1,nn,nn00746147,2020-06-10T00:23:24.885Z,"32 km SE of Mina, Nevada",earthquake,,0.4,,,automatic,nn,nn
2020-06-10T00:13:07.100Z,38.1262,-118.023,9.3,1.3,ml,17,112.81,0.035,0.09,nn,nn00746143,2020-06-10T00:17:24.486Z,"30 km SSE of Mina, Nevada",earthquake,,1.4,,,automatic,nn,nn
2020-06-10T00:01:18.270Z,38.0953,-118.0305,14.4,1.4,ml,14,132.78,0.108,0.2,nn,nn00746142,2020-06-10T00:05:43.949Z,"33 km SSE of Mina, Nevada",earthquake,,6.7,,,automatic,nn,nn
2020-06-10T00:00:51.480Z,38.8231659,-122.8431702,1.89,0.57,md,9,93,0.006359,0.01,nc,nc73406011,2020-06-10T00:18:02.624Z,"9km NW of The Geysers, CA",earthquake,0.42,0.82,,1,automatic,nc,nc
2020-06-09T23:58:49.102Z,-21.537,-66.8437,223.12,4.5,mb,,80,1.874,0.98,us,us6000a8zy,2020-06-10T00:16:30.040Z,"92 km SW of Atocha, Bolivia",earthquake,11.6,8.7,0.066,68,reviewed,us,us
2020-06-09T23:52:36.470Z,38.1697,-117.8953,12.1,1,ml,13,131.45,0.024,0.07,nn,nn00746136,2020-06-09T23:56:47.558Z,"30 km SE of Mina, Nevada",earthquake,,0.8,,,automatic,nn,nn
2020-06-09T23:50:31.650Z,38.1737,-117.8673,11.7,1,ml,12,70.74,0.012,0.1,nn,nn00746134,2020-06-09T23:54:08.884Z,"32 km SE of Mina, Nevada",earthquake,,0.6,,,automatic,nn,nn
2020-06-09T23:48:21.950Z,38.1435,-118.0675,0.7,1.6,ml,17,111.85,0.017,0.14,nn,nn00746131,2020-06-09T23:51:52.729Z,"27 km S of Mina, Nevada",earthquake,,10.8,,,automatic,nn,nn
2020-06-09T23:47:45.880Z,38.7468338,-122.7099991,1.07,0.97,md,7,135,0.01877,0.01,nc,nc73406006,2020-06-10T00:21:05.642Z,"4km SSW of Anderson Springs, CA",earthquake,0.4,0.68,0.2,4,automatic,nc,nc
2020-06-09T23:46:20.730Z,38.1838,-117.7328,9.6,1.6,ml,16,106.58,0.074,0.14,nn,nn00746128,2020-06-09T23:50:10.805Z,"40 km SE of Mina, Nevada",earthquake,,2.2,,,automatic,nn,nn
2020-06-09T23:44:52.110Z,33.4495,-116.3825,8.49,0.82,ml,31,98,0.1062,0.17,ci,ci39472288,2020-06-09T23:48:39.097Z,"22km N of Borrego Springs, CA",earthquake,0.27,0.95,0.165,19,automatic,ci,ci
2020-06-09T23:43:19.780Z,38.1238,-118.0597,6.8,1.8,ml,24,64.97,0.045,0.12,nn,nn00746125,2020-06-09T23:47:32.599Z,"29 km S of Mina, Nevada",earthquake,,1.1,,,automatic,nn,nn
2020-06-09T23:37:41.610Z,46.5436666666667,-119.586333333333,15.53,1.19,ml,15,62,0.07139,0.09,uw,uw61639431,2020-06-09T23:54:36.980Z,"29 km ESE of Desert Aire, Washington",earthquake,0.25,0.47,0.190919549940433,12,reviewed,uw,uw
2020-06-09T23:37:10.420Z,46.5425,-119.588666666667,16.37,1.59,ml,31,43,0.04017,0.1,uw,uw61639436,2020-06-09T23:50:34.690Z,"29 km ESE of Desert Aire, Washington",earthquake,0.21,0.32,0.156749851721067,22,reviewed,uw,uw
2020-06-09T23:34:41.360Z,38.1815,-117.7858,5.1,1.9,ml,18,116.08,0.065,0.13,nn,nn00746122,2020-06-09T23:44:12.418Z,"36 km SE of Mina, Nevada",earthquake,,0.8,,,automatic,nn,nn
2020-06-09T23:30:26.530Z,33.7418333,-117.544,3.76,1.24,ml,29,47,0.07603,0.21,ci,ci39472256,2020-06-09T23:34:07.001Z,"10km NNE of Trabuco Canyon, CA",earthquake,0.26,0.98,0.207,31,automatic,ci,ci
2020-06-09T23:29:40.240Z,38.1118,-118.1795,6.8,1.6,ml,21,132.78,0.184,0.14,nn,nn00746118,2020-06-09T23:34:53.045Z,"31 km SSW of Mina, Nevada",earthquake,,14.6,,,automatic,nn,nn
2020-06-09T23:27:57.650Z,17.9,-66.755,17,2.25,md,11,240,0.1451,0.14,pr,pr2020161031,2020-06-10T00:09:56.340Z,"11 km SSW of Tallaboa, Puerto Rico",earthquake,1.02,0.6,0.18,7,reviewed,pr,pr
2020-06-09T23:23:02.200Z,38.8261681,-122.8123322,1.57,0.56,md,14,70,0.003283,0.02,nc,nc73406001,2020-06-09T23:51:03.455Z,"7km NW of The Geysers, CA",earthquake,0.26,0.7,,1,automatic,nc,nc
2020-06-09T23:18:15.650Z,36.1496667,-117.9785,2.37,0.82,ml,15,160,0.1051,0.16,ci,ci39472224,2020-06-09T23:21:58.468Z,"12km NNW of Coso Junction, CA",earthquake,0.68,0.53,0.217,9,automatic,ci,ci
2020-06-09T23:12:25.510Z,38.1495,-117.9728,15.7,1.3,ml,16,103.41,0.023,0.1,nn,nn00746112,2020-06-09T23:16:26.859Z,"29 km SSE of Mina, Nevada",earthquake,,0.6,,,automatic,nn,nn
2020-06-09T23:11:31.110Z,35.5901667,-117.3995,7.83,0.18,ml,9,131,0.05124,0.22,ci,ci39472216,2020-06-10T00:38:14.350Z,"19km S of Trona, CA",earthquake,0.57,1.06,0.134,4,reviewed,ci,ci
2020-06-09T23:08:57.740Z,38.1365,-117.7787,1,1.4,ml,14,67.04,0.061,0.18,nn,nn00746108,2020-06-09T23:13:30.706Z,"40 km SE of Mina, Nevada",earthquake,,13.6,,,automatic,nn,nn
2020-06-09T23:05:04.885Z,62.0702,-150.3559,55.5,1.6,ml,,,,0.5,ak,ak0207en8xd8,2020-06-09T23:10:57.161Z,"28 km SSW of Trapper Creek, Alaska",earthquake,,0.6,,,automatic,ak,ak
2020-06-09T23:03:35.160Z,38.1422,-118.0285,1.7,0.3,ml,9,156.67,0.032,0.02,nn,nn00746105,2020-06-09T23:07:53.845Z,"28 km SSE of Mina, Nevada",earthquake,,8.5,,,automatic,nn,nn
2020-06-09T23:02:20.220Z,38.8138351,-122.8201675,2.68,0.58,md,20,53,0.008611,0.02,nc,nc73405996,2020-06-09T23:17:03.257Z,"7km NW of The Geysers, CA",earthquake,0.23,0.51,0.02,3,automatic,nc,nc
2020-06-09T22:55:30.440Z,38.1215,-118.0188,2.9,1.9,ml,21,110.29,0.042,0.11,nn,nn00746100,2020-06-09T23:05:30.484Z,"30 km SSE of Mina, Nevada",earthquake,,1.9,,,automatic,nn,nn
2020-06-09T22:54:47.518Z,61.6497,-141.3761,12.8,1.1,ml,,,,0.35,ak,ak0207emy357,2020-06-09T23:04:36.330Z,"85 km ENE of McCarthy, Alaska",earthquake,,0.5,,,automatic,ak,ak
2020-06-09T22:54:13.897Z,64.9651,-147.321,3.1,1.3,ml,,,,0.41,ak,ak0207emy0jp,2020-06-09T23:00:14.348Z,"14 km E of Fox, Alaska",earthquake,,1,,,automatic,ak,ak
2020-06-09T22:50:27.291Z,61.4954,-151.9105,7.6,1,ml,,,,0.28,ak,ak0207emx6qp,2020-06-09T22:58:32.456Z,"59 km NW of Beluga, Alaska",earthquake,,0.3,,,automatic,ak,ak
2020-06-09T22:48:24.510Z,19.2119999,-155.4129944,32.73,2.1,ml,31,152,0.02929,0.15,hv,hv71549127,2020-06-09T22:54:14.770Z,"6 km E of P?hala, Hawaii",earthquake,0.53,0.93,0.22,3,automatic,hv,hv
2020-06-09T22:43:40.145Z,38.1143,-118.0691,2.1,2,ml,17,65.05,0.048,0.1316,nn,nn00746095,2020-06-10T02:17:16.594Z,"30 km S of Mina, Nevada",earthquake,,1.3,0.47,9,reviewed,nn,nn
2020-06-09T22:40:14.070Z,36.1755,-117.8556667,7.81,1.25,ml,19,93,0.0578,0.16,ci,ci39472160,2020-06-09T22:51:12.490Z,"17km NNE of Coso Junction, CA",earthquake,0.35,0.74,0.323,17,automatic,ci,ci
2020-06-09T22:40:13.916Z,38.1821,-117.8888,5.3,3.4,ml,31,38.71,0.024,0.166,nn,nn00746090,2020-06-10T02:19:09.379Z,"30 km SE of Mina, Nevada",earthquake,,0.7,0.46,10,reviewed,nn,nn
2020-06-09T22:37:28.180Z,38.1977,-117.8952,3.1,0.7,ml,13,182.9,0.035,0.15,nn,nn00746088,2020-06-09T22:41:07.071Z,"28 km SE of Mina, Nevada",earthquake,,1.6,,,automatic,nn,nn
2020-06-09T22:36:15.600Z,60.1406,-151.5381,0,1.2,ml,,,,1.1,ak,ak0207emu5nj,2020-06-09T22:41:17.089Z,"12 km NE of Ninilchik, Alaska",earthquake,,0.8,,,automatic,ak,ak
2020-06-09T22:28:19.550Z,38.158,-117.881,13.1,1.6,ml,22,69.38,0.019,0.17,nn,nn00746084,2020-06-09T22:34:31.778Z,"32 km SE of Mina, Nevada",earthquake,,0.7,,,automatic,nn,nn
2020-06-09T22:27:01.246Z,27.6365,53.2565,10,4.3,mb,,107,3.766,0.64,us,us6000a8yt,2020-06-09T22:48:20.040Z,"37 km ENE of Mohr, Iran",earthquake,5.8,1.9,0.088,37,reviewed,us,us
2020-06-09T22:25:37.710Z,38.0421667,-118.7661667,4.14,1.82,md,25,92,0.2933,0.05,nc,nc73405981,2020-06-10T00:11:02.588Z,"29km SE of Bodie, CA",earthquake,0.32,6.83,0.231,25,reviewed,nc,nc
2020-06-09T22:24:37.650Z,38.1677,-117.92,6.7,0.7,ml,12,117.32,0.04,0.07,nn,nn00746080,2020-06-09T22:29:26.414Z,"29 km SSE of Mina, Nevada",earthquake,,0.8,,,automatic,nn,nn
2020-06-09T22:23:04.240Z,38.1672,-117.8945,5.9,0.4,ml,10,108.12,0.008,0.09,nn,nn00746079,2020-06-09T22:26:47.315Z,"31 km SE of Mina, Nevada",earthquake,,6.9,,,automatic,nn,nn
2020-06-09T22:20:15.384Z,59.8018,-153.0907,97.4,2.3,ml,,,,0.53,ak,ak0207emqq9r,2020-06-09T22:39:17.040Z,"57 km E of Pedro Bay, Alaska",earthquake,,0.3,,,automatic,ak,ak
2020-06-09T22:17:19.760Z,36.492,-114.8568,18.2,1.4,ml,11,322.41,0.886,0.24,nn,nn00746077,2020-06-09T22:25:07.720Z,"31 km SW of Moapa Town, Nevada",earthquake,,21.6,,,automatic,nn,nn
2020-06-09T22:15:13.410Z,35.9048333,-117.7025,4.16,0.45,ml,18,46,0.0603,0.15,ci,ci39472112,2020-06-10T02:52:16.345Z,"19km E of Little Lake, CA",earthquake,0.22,0.51,0.064,5,reviewed,ci,ci
2020-06-09T22:12:36.750Z,38.795166,-122.7401657,1.82,1.01,md,16,49,0.01221,0.02,nc,nc73405976,2020-06-09T22:31:02.950Z,"2km NE of The Geysers, CA",earthquake,0.28,0.47,0.13,5,automatic,nc,nc
2020-06-09T22:06:53.010Z,38.1688,-117.8863,14,1.7,ml,20,81.56,0.036,0.08,nn,nn00746074,2020-06-09T22:18:51.431Z,"31 km SE of Mina, Nevada",earthquake,,0.7,,,automatic,nn,nn
2020-06-09T22:04:13.640Z,38.1517,-118.0465,2.1,0.8,ml,10,148.09,0.017,0.1,nn,nn00746072,2020-06-09T22:08:16.927Z,"27 km SSE of Mina, Nevada",earthquake,,11.7,,,automatic,nn,nn
2020-06-09T22:00:21.501Z,31.6397,-104.2995,5,2.5,ml,,61,0.174,0.65,us,us6000a8yi,2020-06-09T22:29:34.040Z,"59 km S of Whites City, New Mexico",earthquake,1.2,1.8,0.074,34,reviewed,us,us
2020-06-09T21:59:36.830Z,38.187,-117.7637,12.4,1.5,ml,17,71.04,0.039,0.1,nn,nn00746067,2020-06-09T22:04:50.452Z,"37 km SE of Mina, Nevada",earthquake,,1,,,automatic,nn,nn
2020-06-09T21:57:09.490Z,19.2133331,-155.3849945,32.27,2.02,md,38,165,0.09291,0.13,hv,hv71549052,2020-06-09T22:00:41.760Z,"9 km E of P?hala, Hawaii",earthquake,0.63,0.79,0.19,9,automatic,hv,hv
2020-06-09T21:57:04.288Z,38.1535,-117.967,7.6,2.4,ml,29,55.23,0.016,0.1126,nn,nn00746064,2020-06-10T02:17:08.965Z,"29 km SSE of Mina, Nevada",earthquake,,0.6,0.32,11,reviewed,nn,nn
2020-06-09T21:53:28.230Z,38.1745,-117.8592,6.2,1.3,ml,14,145.62,0.022,0.07,nn,nn00746061,2020-06-09T21:58:08.810Z,"32 km SE of Mina, Nevada",earthquake,,0.4,,,automatic,nn,nn
2020-06-09T21:45:42.570Z,38.0888,-118.0893,4.5,0.5,ml,10,177.12,0.027,0.16,nn,nn00746059,2020-06-09T21:54:26.008Z,"33 km S of Mina, Nevada",earthquake,,10.1,,,automatic,nn,nn
2020-06-09T21:40:04.250Z,38.1045,-117.3888,8.4,0.9,ml,9,186.74,0.031,0.13,nn,nn00746054,2020-06-09T21:47:46.281Z,"14 km WNW of Tonopah, Nevada",earthquake,,11.3,,,automatic,nn,nn
2020-06-09T21:31:37.030Z,38.136,-118.0148,0.1,1.1,ml,16,123.31,0.035,0.09,nn,nn00746048,2020-06-09T21:35:09.124Z,"29 km SSE of Mina, Nevada",earthquake,,4,,,automatic,nn,nn
2020-06-09T21:28:25.550Z,38.1538,-117.9525,9.5,0.9,ml,14,97.47,0.012,0.16,nn,nn00746045,2020-06-09T21:32:27.598Z,"29 km SSE of Mina, Nevada",earthquake,,1.3,,,automatic,nn,nn
2020-06-09T21:26:25.240Z,66.341,-148.9993,4.7,1.9,ml,,,,0.83,ak,ak0207em6lr0,2020-06-09T21:31:41.481Z,"37 km N of Stevens Village, Alaska",earthquake,,0.2,,,automatic,ak,ak
2020-06-09T21:24:25.300Z,38.1583,-117.9672,9.3,0.9,ml,14,103.46,0.024,0.07,nn,nn00746041,2020-06-09T21:27:47.417Z,"28 km SSE of Mina, Nevada",earthquake,,1,,,automatic,nn,nn
2020-06-09T21:24:09.450Z,35.8768333,-117.7326667,5.59,0.31,ml,10,83,0.07298,0.12,ci,ci39472032,2020-06-09T21:27:39.310Z,"17km ESE of Little Lake, CA",earthquake,0.39,1.31,0.054,4,automatic,ci,ci
2020-06-09T21:22:39.290Z,33.0181667,-116.087,-0.14,0.9,ml,14,78,0.153,0.16,ci,ci39472040,2020-06-10T00:57:43.830Z,"14km SSE of Ocotillo Wells, CA",quarry blast,0.56,31.61,0.125,12,reviewed,ci,ci
2020-06-09T21:20:30.720Z,38.0551667,-118.7328333,5.27,1.98,md,22,112,0.2658,0.07,nc,nc73405961,2020-06-09T22:43:03.155Z,"30km SE of Bodie, CA",earthquake,0.43,7.43,0.211,22,reviewed,nc,nc
2020-06-09T21:16:50.050Z,38.7973328,-122.732666,0.57,0.4,md,9,104,0.01443,0.03,nc,nc73405956,2020-06-09T21:18:28.494Z,"3km SSW of Cobb, CA",earthquake,0.29,1.28,0.18,2,automatic,nc,nc
2020-06-09T21:11:03.710Z,38.159,-117.9488,9.2,1.4,ml,15,94.08,0.015,0.16,nn,nn00746033,2020-06-09T21:20:50.489Z,"29 km SSE of Mina, Nevada",earthquake,,0.8,,,automatic,nn,nn
2020-06-09T21:10:31.340Z,33.4873333,-116.531,12.36,0.46,ml,20,129,0.05995,0.18,ci,ci39472000,2020-06-09T21:14:19.005Z,"15km ESE of Anza, CA",earthquake,0.49,0.6,0.057,10,automatic,ci,ci
2020-06-09T21:10:00.960Z,38.1083,-118.0802,6.8,1.1,ml,10,170.53,0.055,0.08,nn,nn00746031,2020-06-09T21:13:27.454Z,"31 km S of Mina, Nevada",earthquake,,0.8,,,automatic,nn,nn
2020-06-09T21:03:03.490Z,38.824,-122.7795,1.16,0.21,md,4,169,0.009891,0.02,nc,nc73405951,2020-06-09T23:56:03.491Z,"5km W of Cobb, CA",earthquake,0.62,1.13,,1,reviewed,nc,nc
2020-06-09T21:00:41.174Z,59.6346,-154.035,0,2.2,ml,,,,0.85,ak,ak0207elsahk,2020-06-09T21:05:13.780Z,"17 km SSE of Pedro Bay, Alaska",earthquake,,0.3,,,automatic,ak,ak
2020-06-09T20:59:47.164Z,63.5815,-150.8927,0.9,1.3,ml,,,,0.92,ak,ak0207elsaht,2020-06-09T21:03:02.858Z,"41 km E of Denali National Park, Alaska",earthquake,,0.2,,,automatic,ak,ak
2020-06-09T20:59:29.990Z,35.9053333,-117.7041667,2.62,1.53,ml,22,43,0.06091,0.12,ci,ci39471984,2020-06-09T21:03:27.942Z,"19km E of Little Lake, CA",earthquake,0.19,0.3,0.157,24,automatic,ci,ci
2020-06-09T20:59:11.530Z,19.216,-155.4195,32.82,2.83,ml,57,139,0.02983,0.11,hv,hv71549007,2020-06-09T22:03:07.948Z,"6 km ENE of P?hala, Hawaii",earthquake,0.39,0.55,0.169,31,reviewed,hv,hv
2020-06-09T20:56:20.870Z,35.9038333,-117.7001667,1.85,0.68,ml,11,68,0.05972,0.15,ci,ci39471968,2020-06-09T20:59:57.923Z,"19km E of Little Lake, CA",earthquake,0.31,0.62,0.147,8,automatic,ci,ci
2020-06-09T20:53:08.280Z,38.8136673,-122.8293304,1.49,1.08,md,25,47,0.004794,0.03,nc,nc73405931,2020-06-09T21:12:02.458Z,"8km WNW of The Geysers, CA",earthquake,0.18,0.33,0.14,5,automatic,nc,nc
2020-06-09T20:52:34.860Z,38.3987,-117.873,7.3,1.4,ml,15,106.48,0.198,0.3,nn,nn00746026,2020-06-09T20:55:50.558Z,"20 km E of Mina, Nevada",earthquake,,26.1,,,automatic,nn,nn
2020-06-09T20:50:41.146Z,69.3813,-144.3428,0,3.1,ml,,,,0.86,ak,ak0207elqcky,2020-06-09T20:55:20.992Z,"88 km SSW of Kaktovik, Alaska",earthquake,,1.2,,,automatic,ak,ak
2020-06-09T20:50:22.000Z,33.6753333,-116.6895,17.01,0.7,ml,27,57,0.04124,0.17,ci,ci39471952,2020-06-09T20:54:08.033Z,"8km SSE of Idyllwild, CA",earthquake,0.37,0.51,0.148,17,automatic,ci,ci
2020-06-09T20:48:11.530Z,17.9495,-66.9215,7,2.63,md,20,197,0.0494,0.21,pr,pr2020161030,2020-06-09T21:05:08.996Z,"2 km SSW of Guánica, Puerto Rico",earthquake,0.53,0.3,0.35,9,reviewed,pr,pr
2020-06-09T20:47:35.948Z,14.2048,91.6456,29.98,4.6,mb,,54,2.75,0.73,us,us6000a8x5,2020-06-09T21:50:16.040Z,"300 km NNW of Bamboo Flat, India",earthquake,7.3,4.5,0.066,75,reviewed,us,us
2020-06-09T20:40:49.774Z,38.1623,-117.8773,6.5,2.2,ml,23,66.9,0.005,0.1343,nn,nn00746018,2020-06-10T02:17:06.128Z,"32 km SE of Mina, Nevada",earthquake,,0.6,0.2,7,reviewed,nn,nn
2020-06-09T20:38:31.610Z,38.2178,-117.7748,3.9,1.5,ml,17,118.88,0.081,0.16,nn,nn00746016,2020-06-09T20:41:48.176Z,"34 km ESE of Mina, Nevada",earthquake,,2.2,,,automatic,nn,nn
2020-06-09T20:34:36.660Z,35.5925,-117.393,9.15,1.17,ml,13,158,0.07129,0.14,ci,ci39471944,2020-06-09T20:53:52.362Z,"19km S of Trona, CA",earthquake,0.45,0.94,0.17,16,reviewed,ci,ci
2020-06-09T20:34:08.240Z,35.6411667,-117.4233333,8.07,0.46,ml,10,126,0.06307,0.16,ci,ci37447069,2020-06-10T01:11:10.074Z,"14km S of Searles Valley, CA",earthquake,0.47,1.12,0.057,4,reviewed,ci,ci
2020-06-09T20:33:52.910Z,35.9318333,-117.7255,9.91,0.17,ml,10,65,0.06303,0.13,ci,ci37447061,2020-06-10T00:51:40.964Z,"16km E of Little Lake, CA",earthquake,0.37,0.82,0.034,4,reviewed,ci,ci
2020-06-09T20:33:30.975Z,38.1559,-117.9072,6.2,1.9,ml,25,63.99,0.028,0.1831,nn,nn00746010,2020-06-10T02:17:03.761Z,"31 km SE of Mina, Nevada",earthquake,,0.8,0.35,8,reviewed,nn,nn
2020-06-09T20:33:08.080Z,35.5978333,-117.4275,4.69,1.44,ml,35,70,0.03046,0.16,ci,ci39471928,2020-06-10T00:46:25.130Z,"19km S of Searles Valley, CA",earthquake,0.2,0.43,0.119,27,reviewed,ci,ci
2020-06-09T20:28:02.220Z,35.848,-117.6585,10.49,0.43,ml,15,90,0.0591,0.08,ci,ci39471904,2020-06-10T01:24:16.149Z,"24km ESE of Little Lake, CA",earthquake,0.19,0.39,0.09,5,reviewed,ci,ci
2020-06-09T20:23:21.520Z,38.134,-117.782,13.4,0.7,ml,12,101.43,0.029,0.04,nn,nn00746007,2020-06-09T20:34:26.675Z,"40 km SE of Mina, Nevada",earthquake,,3.4,,,automatic,nn,nn
2020-06-09T20:09:21.080Z,38.8381653,-122.7959976,1.58,0.56,md,7,125,0.004422,0.03,nc,nc73405921,2020-06-09T20:29:03.174Z,"7km WNW of Cobb, CA",earthquake,0.53,1.36,,1,automatic,nc,nc
2020-06-09T20:09:07.910Z,38.1442,-117.9513,8.4,1.4,ml,13,70.35,0.015,0.03,nn,nn00746005,2020-06-09T20:24:48.267Z,"30 km SSE of Mina, Nevada",earthquake,,0.6,,,automatic,nn,nn
2020-06-09T20:06:26.470Z,18.0355,-66.7848,16,2.53,md,17,90,0.1121,0.26,pr,pr2020161029,2020-06-09T20:53:22.187Z,"1 km NNE of Guayanilla, Puerto Rico",earthquake,0.43,0.71,0.23,7,reviewed,pr,pr
2020-06-09T20:06:15.180Z,38.1272,-118.0925,1.4,1.4,ml,19,132.65,0.045,0.08,nn,nn00746001,2020-06-09T20:10:09.240Z,"29 km S of Mina, Nevada",earthquake,,7.1,,,automatic,nn,nn
2020-06-09T19:59:14.630Z,38.8251648,-122.7823334,9.27,0.56,md,8,78,0.01105,0.06,nc,nc73405916,2020-06-09T20:18:03.098Z,"5km W of Cobb, CA",earthquake,1.78,4.64,,1,automatic,nc,nc
2020-06-09T19:58:31.150Z,38.1578,-117.9682,8.1,0.6,ml,14,107.74,0.02,0.08,nn,nn00745997,2020-06-09T20:07:27.232Z,"28 km SSE of Mina, Nevada",earthquake,,1,,,automatic,nn,nn
2020-06-09T19:56:25.720Z,32.7676667,-115.8096667,9.74,1.49,ml,21,110,0.1073,0.22,ci,ci39471832,2020-06-09T20:23:03.389Z,"18km ENE of Ocotillo, CA",earthquake,0.35,0.92,0.222,18,reviewed,ci,ci
2020-06-09T19:55:58.340Z,35.7455,-117.5641667,9.35,0.6,ml,14,75,0.07515,0.17,ci,ci39471840,2020-06-10T01:30:00.434Z,"15km W of Searles Valley, CA",earthquake,0.32,0.97,0.083,7,reviewed,ci,ci
2020-06-09T19:55:27.600Z,38.8359985,-122.793663,2,1.6,md,31,56,0.003537,0.05,nc,nc73405906,2020-06-09T23:14:04.380Z,"6km WNW of Cobb, CA",earthquake,0.19,0.29,0.08,8,automatic,nc,nc
2020-06-09T19:53:05.700Z,19.2071667,-155.3828278,31.66,1.82,md,32,173,0.09092,0.17,hv,hv71548962,2020-06-09T19:56:36.070Z,"10 km E of P?hala, Hawaii",earthquake,0.9,1.07,0.1,3,automatic,hv,hv
2020-06-09T19:44:53.869Z,27.6211,53.4862,10,4.2,mb,,105,3.613,0.7,us,us6000a8tr,2020-06-09T22:00:10.040Z,"59 km E of Mohr, Iran",earthquake,11.2,1.9,0.089,37,reviewed,us,us
2020-06-09T19:35:22.210Z,38.8330002,-122.8178329,1.42,0.66,md,17,56,0.01135,0.02,nc,nc73405901,2020-06-09T20:16:03.530Z,"8km NW of The Geysers, CA",earthquake,0.24,0.51,0.1,2,automatic,nc,nc
2020-06-09T19:34:11.832Z,64.7916,-147.5635,19,0.7,ml,,,,0.59,ak,ak0207el1f9g,2020-06-09T19:36:48.847Z,"1 km WSW of Badger, Alaska",earthquake,,0.2,,,automatic,ak,ak
2020-06-09T19:34:01.380Z,38.1547,-117.7868,7.4,1.4,ml,15,69.55,0.063,0.14,nn,nn00745995,2020-06-09T19:41:09.064Z,"38 km SE of Mina, Nevada",earthquake,,1.6,,,automatic,nn,nn
2020-06-09T19:28:34.686Z,38.1508,-117.9052,9,1.8,ml,26,57.24,0.027,0.1199,nn,nn00745990,2020-06-10T02:17:01.372Z,"32 km SSE of Mina, Nevada",earthquake,,0.6,0.16,8,reviewed,nn,nn
2020-06-09T19:27:53.340Z,38.2562,-117.7362,6.3,0.6,ml,11,160.11,0.049,0.03,nn,nn00745992,2020-06-09T19:35:17.160Z,"35 km ESE of Mina, Nevada",earthquake,,3.6,,,automatic,nn,nn
2020-06-09T19:24:42.740Z,36.107,-117.8456667,3.64,1.03,ml,17,86,0.01292,0.15,ci,ci39471760,2020-06-09T19:28:17.003Z,"12km NE of Coso Junction, CA",earthquake,0.29,0.41,0.245,13,automatic,ci,ci
2020-06-09T19:22:24.060Z,38.2353,-117.75,0.8,1.1,ml,10,97.01,0.031,0.05,nn,nn00745988,2020-06-09T19:29:06.841Z,"35 km ESE of Mina, Nevada",earthquake,,7.4,,,automatic,nn,nn
2020-06-09T19:18:24.530Z,39.4096667,-110.2975,-2.12,1.73,ml,14,201,0.02579,0.09,uu,uu60394907,2020-06-09T21:58:05.530Z,"17 km SSE of Sunnyside, Utah",earthquake,0.48,0.61,0.067,4,reviewed,uu,uu
2020-06-09T19:18:04.720Z,38.8204994,-122.841835,2.29,0.74,md,20,56,0.005923,0.03,nc,nc73405896,2020-06-09T19:45:04.880Z,"9km WNW of The Geysers, CA",earthquake,0.22,0.43,0.15,4,automatic,nc,nc
2020-06-09T19:12:09.160Z,38.099,-118.0823,2.6,1.2,ml,14,134.81,0.056,0.05,nn,nn00745985,2020-06-09T19:23:07.976Z,"32 km S of Mina, Nevada",earthquake,,4.2,,,automatic,nn,nn
2020-06-09T19:05:00.510Z,38.1898,-117.7945,0,1.8,ml,18,94.24,0.033,0.36,nn,nn00745982,2020-06-09T19:13:30.889Z,"35 km SE of Mina, Nevada",earthquake,,9.3,,,automatic,nn,nn
2020-06-09T19:04:45.950Z,38.7861671,-122.732666,2.25,0.16,md,10,85,0.004316,0.01,nc,nc73405886,2020-06-09T19:17:03.729Z,"2km ENE of The Geysers, CA",earthquake,0.34,0.97,0.07,2,automatic,nc,nc
2020-06-09T19:01:20.600Z,37.5526667,-118.8701667,-0.09,0.28,md,7,288,0.04955,0.03,nc,nc73405881,2020-06-09T19:55:03.949Z,"13km SE of Mammoth Lakes, CA",earthquake,3.69,6.77,0.28,8,reviewed,nc,nc
2020-06-09T19:00:30.260Z,32.7725,-116.8923333,-0.26,1.23,ml,17,86,0.05598,0.24,ci,ci39471736,2020-06-10T00:40:34.901Z,"5km NE of Rancho San Diego, CA",quarry blast,0.52,31.61,0.177,7,reviewed,ci,ci
2020-06-09T18:55:54.165Z,-28.5632,-69.0703,136.5,4.2,mb,,161,1.091,0.74,us,us6000a8s7,2020-06-09T21:30:28.040Z,"87 km WNW of Vinchina, Argentina",earthquake,6.6,5.9,0.305,5,reviewed,us,us
2020-06-09T18:50:54.720Z,38.2092,-117.4402,12.6,1.2,ml,12,228.92,0.023,0.22,nn,nn00745980,2020-06-09T19:05:46.145Z,"24 km NW of Tonopah, Nevada",earthquake,,14.4,,,automatic,nn,nn
2020-06-09T18:49:36.810Z,37.1333,-116.7663,6.6,0.7,ml,8,159.13,0.264,0.16,nn,nn00745978,2020-06-09T18:52:46.470Z,"24 km N of Beatty, Nevada",earthquake,,16,,,automatic,nn,nn
2020-06-09T18:49:11.690Z,38.1517,-117.9543,10.2,1.7,ml,14,94.52,0.014,0.14,nn,nn00745976,2020-06-09T18:52:28.532Z,"29 km SSE of Mina, Nevada",earthquake,,0.6,,,automatic,nn,nn
2020-06-09T18:45:44.380Z,38.1565,-117.9325,9.2,1.4,ml,22,75.83,0.033,0.14,nn,nn00745972,2020-06-09T18:50:10.423Z,"30 km SSE of Mina, Nevada",earthquake,,0.7,,,automatic,nn,nn
2020-06-09T18:43:15.740Z,38.005,-122.1123333,14.16,1.48,md,27,70,0.06063,0.08,nc,nc73405866,2020-06-09T21:58:02.740Z,"2km WSW of Vine Hill, CA",earthquake,0.27,0.44,0.206,23,reviewed,nc,nc
2020-06-09T18:43:14.857Z,59.8178,-151.6915,19.1,1.8,ml,,,,0.6,ak,ak0207ekhxf1,2020-06-09T18:52:49.660Z,"4 km W of Nikolaevsk, Alaska",earthquake,,1,,,automatic,ak,ak
2020-06-09T18:39:35.600Z,35.0318333,-117.6871667,0.26,1.74,ml,28,56,0.09751,0.2,ci,ci39471720,2020-06-09T18:43:35.615Z,"5km NW of Boron, CA",quarry blast,0.41,31.61,0.148,27,automatic,ci,ci
2020-06-09T18:38:12.170Z,38.036,-118.7498,7,0.9,ml,9,202.88,0.206,0.05,nn,nn00745970,2020-06-09T18:45:24.505Z,"33 km ENE of Lee Vining, California",earthquake,,9.3,,,automatic,nn,nn
2020-06-09T18:37:31.785Z,59.7844,-150.6144,46.9,2.2,ml,,,,0.63,ak,ak0207ekgocd,2020-06-09T20:52:55.040Z,"20 km ESE of Fox River, Alaska",earthquake,,0.6,,,automatic,ak,ak
2020-06-09T18:37:20.010Z,38.791832,-122.7813339,1.83,0.79,md,15,96,0.005318,0.02,nc,nc73405856,2020-06-09T18:59:03.747Z,"3km NW of The Geysers, CA",earthquake,0.28,0.44,0.09,3,automatic,nc,nc
2020-06-09T18:33:20.110Z,38.1508,-117.872,6.3,1.6,ml,19,79.17,0.014,0.11,nn,nn00745967,2020-06-09T18:40:31.546Z,"33 km SE of Mina, Nevada",earthquake,,0.4,,,automatic,nn,nn
2020-06-09T18:32:04.300Z,17.958,-66.8496,16,2.25,md,11,209,0.0342,0.18,pr,pr2020161028,2020-06-09T20:11:29.755Z,"4 km ESE of Maria Antonia, Puerto Rico",earthquake,0.78,0.63,0,1,reviewed,pr,pr
2020-06-09T18:30:44.490Z,38.7591667,-122.739502,0.95,0.55,md,9,114,0.007539,0.02,nc,nc73405851,2020-06-09T18:53:03.581Z,"2km SE of The Geysers, CA",earthquake,0.3,0.39,0.05,2,automatic,nc,nc
2020-06-09T18:29:22.280Z,19.3578339,-155.0879974,36.53,1.87,md,41,163,0.02906,0.13,hv,hv71548897,2020-06-09T18:32:43.710Z,"12 km SSE of Fern Forest, Hawaii",earthquake,0.92,0.39,0.06,8,automatic,hv,hv
2020-06-09T18:29:17.950Z,38.1847,-117.8883,6.9,1,ml,12,123.05,0.031,0.07,nn,nn00745966,2020-06-09T18:34:06.562Z,"29 km SE of Mina, Nevada",earthquake,,0.9,,,automatic,nn,nn
2020-06-09T18:26:42.670Z,40.7358333,-112.0586667,8.12,0.34,md,12,114,0.01946,0.09,uu,uu60394897,2020-06-09T18:54:04.950Z,"4 km NE of Magna, Utah",earthquake,0.4,0.69,0.184,3,reviewed,uu,uu
2020-06-09T18:26:26.500Z,38.207,-117.786,5,1.5,ml,17,140.58,0.043,0.05,nn,nn00745963,2020-06-09T18:31:08.840Z,"34 km SE of Mina, Nevada",earthquake,,0.7,,,automatic,nn,nn
2020-06-09T18:26:06.372Z,61.4289,-150.0488,38.6,1.4,ml,,,,0.77,ak,ak0207eke9hu,2020-06-09T18:30:31.155Z,"8 km NNW of Point MacKenzie, Alaska",earthquake,,0.8,,,automatic,ak,ak
2020-06-09T18:20:20.790Z,47.7043333333333,-120.328166666667,3.41,0.66,ml,7,85,0.09988,0.08,uw,uw61639221,2020-06-09T18:53:24.110Z,"9 km WNW of Entiat, Washington",earthquake,0.3,2.22,0.0454503163056277,4,reviewed,uw,uw
2020-06-09T18:19:46.630Z,38.838665,-122.8314972,1.84,0.8,md,16,81,0.003117,0.04,nc,nc73405846,2020-06-09T18:47:03.547Z,"9km NW of The Geysers, CA",earthquake,0.28,0.43,0.09,3,automatic,nc,nc
2020-06-09T18:18:30.719Z,-5.0106,145.3951,71.45,4.6,mb,,50,3.543,0.92,us,us6000a8r0,2020-06-09T19:15:47.040Z,"49 km WNW of Madang, Papua New Guinea",earthquake,7.3,7.2,0.055,112,reviewed,us,us
2020-06-09T18:17:51.900Z,35.9435,-117.3271667,3.4,1.52,ml,30,59,0.06338,0.15,ci,ci39471688,2020-06-09T21:00:56.609Z,"20km NNE of Trona, CA",earthquake,0.19,0.57,0.098,17,reviewed,ci,ci
2020-06-09T18:17:39.970Z,32.503,-116.2541667,18.33,1.23,ml,11,144,0.1909,0.15,ci,ci39471680,2020-06-09T19:06:08.959Z,"23km ESE of Campo, CA",earthquake,0.52,1.22,0.294,5,reviewed,ci,ci
2020-06-09T18:08:04.490Z,33.0458333,-116.304,8.21,1.13,ml,33,42,0.09098,0.23,ci,ci39471664,2020-06-09T18:11:49.418Z,"19km SW of Ocotillo Wells, CA",earthquake,0.31,1.16,0.15,21,automatic,ci,ci
2020-06-09T17:51:37.500Z,38.1778,-117.8958,3.9,0.6,ml,12,114.34,0.024,0.06,nn,nn00745957,2020-06-09T17:55:07.299Z,"30 km SE of Mina, Nevada",earthquake,,3.3,,,automatic,nn,nn
2020-06-09T17:47:51.930Z,37.599,-118.8285,5.05,0.9,md,17,192,0.00897,0.04,nc,nc73405836,2020-06-09T21:24:26.116Z,"14km WNW of Toms Place, CA",earthquake,0.61,0.4,0.269,16,reviewed,nc,nc
2020-06-09T17:47:28.280Z,38.2012,-117.6987,4.3,1.1,ml,9,151.17,0.042,0.03,nn,nn00745954,2020-06-09T17:53:05.917Z,"41 km ESE of Mina, Nevada",earthquake,,1.1,,,automatic,nn,nn
2020-06-09T17:46:50.217Z,59.4307,-152.1428,63.8,1.1,ml,,,,0.44,ak,ak0207ejx7lp,2020-06-09T17:49:52.470Z,"15 km WNW of Nanwalek, Alaska",earthquake,,1.2,,,automatic,ak,ak
2020-06-09T17:46:43.630Z,34.0556667,-117.1746667,9.2,1.66,ml,57,60,0.05548,0.18,ci,ci39471624,2020-06-09T17:57:14.480Z,"1km E of Redlands, CA",earthquake,0.2,0.55,0.144,26,automatic,ci,ci
2020-06-09T17:45:18.610Z,37.7681667,-121.9736667,8.27,1.55,md,33,84,0.08565,0.05,nc,nc73405831,2020-06-09T22:54:02.108Z,"1km SSE of San Ramon, CA",earthquake,0.15,0.33,0.155,25,reviewed,nc,nc
2020-06-09T17:44:53.539Z,58.8523,-154.9742,117.7,2,ml,,,,0.99,ak,ak0207ejws9t,2020-06-09T17:51:33.177Z,"66 km S of Kokhanok, Alaska",earthquake,,0.5,,,automatic,ak,ak
2020-06-09T17:43:53.480Z,38.1388,-118.0307,6.3,1.1,ml,13,126.96,0.062,0.1,nn,nn00745951,2020-06-09T17:48:46.013Z,"28 km SSE of Mina, Nevada",earthquake,,1,,,automatic,nn,nn
2020-06-09T17:43:18.302Z,27.6678,53.4369,10,4.2,mb,,103,3.676,0.51,us,us6000a8q5,2020-06-09T18:15:10.040Z,"56 km ENE of Mohr, Iran",earthquake,7.5,1.9,0.093,39,reviewed,us,us
2020-06-09T17:43:08.418Z,69.5631,-143.981,0,1.5,ml,,,,1.01,ak,ak0207ejwh89,2020-06-09T17:49:51.422Z,"64 km SSW of Kaktovik, Alaska",earthquake,,0.5,,,automatic,ak,ak
2020-06-09T17:38:47.850Z,38.2057,-117.7112,6.6,0.9,ml,11,152.96,0.035,0.21,nn,nn00745950,2020-06-09T17:45:06.130Z,"40 km ESE of Mina, Nevada",earthquake,,3.7,,,automatic,nn,nn
2020-06-09T17:38:03.930Z,35.6638333,-117.4796667,4.64,0.93,ml,21,65,0.135,0.16,ci,ci39471608,2020-06-09T19:43:43.166Z,"13km SSW of Searles Valley, CA",earthquake,0.24,0.72,0.061,12,reviewed,ci,ci
2020-06-09T17:37:07.800Z,38.7599983,-122.7190018,1.75,1.26,md,10,115,0.00485,0.04,nc,nc73405826,2020-06-09T18:51:11.567Z,"3km SW of Anderson Springs, CA",earthquake,0.35,0.41,0.08,6,automatic,nc,nc
2020-06-09T17:31:58.580Z,34.0568333,-117.1701667,9.79,1.21,ml,38,67,0.05248,0.2,ci,ci39471600,2020-06-09T17:43:02.860Z,"1km E of Redlands, CA",earthquake,0.26,0.57,0.202,28,automatic,ci,ci
2020-06-09T17:27:32.200Z,60.2112,-153.6205,187.9,1.7,ml,,,,0.52,ak,ak0207ejt3pk,2020-06-09T17:37:47.592Z,"38 km E of Port Alsworth, Alaska",earthquake,,0.3,,,automatic,ak,ak
2020-06-09T17:24:07.430Z,38.8383331,-122.840332,1.69,1.31,md,23,114,0.003792,0.04,nc,nc73405821,2020-06-09T19:51:04.920Z,"10km NW of The Geysers, CA",earthquake,0.22,0.34,0.08,5,automatic,nc,nc
2020-06-09T17:22:16.200Z,34.0346667,-116.886,17.08,1.42,ml,51,33,0.04733,0.16,ci,ci39471544,2020-06-09T18:51:05.868Z,"12km N of Banning, CA",earthquake,0.17,0.38,0.137,35,reviewed,ci,ci
2020-06-09T17:19:27.350Z,37.8728333,-122.2496643,8.79,1.27,md,23,47,0.004725,0.03,nc,nc73405816,2020-06-09T19:23:02.760Z,"2km E of Berkeley, CA",earthquake,0.2,0.35,0.3,16,automatic,nc,nc
2020-06-09T17:18:14.332Z,27.7396,53.4315,10,5.7,mww,,21,3.732,0.84,us,us6000a8nh,2020-06-10T01:41:22.040Z,"57 km ENE of Mohr, Iran",earthquake,6.6,1.8,0.061,26,reviewed,us,us
2020-06-09T17:13:47.190Z,38.1497,-117.905,7.6,1,ml,10,123.83,0.021,0.01,nn,nn00745949,2020-06-09T17:18:06.769Z,"32 km SSE of Mina, Nevada",earthquake,,0.9,,,automatic,nn,nn
2020-06-09T17:10:22.460Z,38.1558,-117.9503,10,0.8,ml,11,78.45,0.031,0.12,nn,nn00745948,2020-06-09T17:15:07.865Z,"29 km SSE of Mina, Nevada",earthquake,,1.8,,,automatic,nn,nn
2020-06-09T17:05:55.680Z,38.8338318,-122.8078308,2.03,0.56,md,7,100,0.01057,0.02,nc,nc73405811,2020-06-09T17:49:03.165Z,"8km W of Cobb, CA",earthquake,0.45,1.81,,1,automatic,nc,nc
2020-06-09T17:05:05.475Z,62.2184,-148.703,24.5,2.1,ml,,,,0.58,ak,ak0207ejobsz,2020-06-09T17:10:29.422Z,"48 km NNW of Chickaloon, Alaska",earthquake,,0.3,,,automatic,ak,ak
2020-06-09T16:59:34.638Z,69.2251,-144.9549,0,1.7,ml,,,,1.84,ak,ak0207ejej3r,2020-06-09T17:07:07.211Z,"113 km SSW of Kaktovik, Alaska",earthquake,,0.8,,,automatic,ak,ak
2020-06-09T16:57:41.710Z,34.603,-117.3356667,2.15,1.03,ml,15,170,0.04254,0.23,ci,ci39471496,2020-06-09T17:01:26.873Z,"7km ENE of Adelanto, CA",earthquake,0.97,1.3,0.083,18,automatic,ci,ci
2020-06-09T16:54:40.610Z,38.1397,-117.9942,8.9,1.8,ml,18,109.49,0.113,0.12,nn,nn00745944,2020-06-09T17:12:28.432Z,"29 km SSE of Mina, Nevada",earthquake,,2.9,,,automatic,nn,nn
2020-06-09T16:47:02.710Z,38.1557,-117.875,8.5,1.3,ml,13,115.62,0.013,0.09,nn,nn00745939,2020-06-09T16:53:14.711Z,"33 km SE of Mina, Nevada",earthquake,,0.9,,,automatic,nn,nn
2020-06-09T16:46:31.240Z,38.1823,-117.7663,12.1,1.1,ml,12,119.93,0.045,0.02,nn,nn00745937,2020-06-09T16:53:04.035Z,"37 km SE of Mina, Nevada",earthquake,,0.9,,,automatic,nn,nn
2020-06-09T16:43:34.990Z,38.1672,-117.9863,2.9,0.6,ml,9,103.67,0.029,0.02,nn,nn00745936,2020-06-09T16:47:45.452Z,"27 km SSE of Mina, Nevada",earthquake,,1.5,,,automatic,nn,nn
2020-06-09T16:42:57.572Z,37.2801,20.43,5.75,4.4,mb,,161,1.197,0.43,us,us6000a8mr,2020-06-09T18:37:39.040Z,"60 km SW of Lithakiá, Greece",earthquake,8.2,7.8,0.149,13,reviewed,us,us
2020-06-09T16:40:07.500Z,36.022,-117.7713333,1.86,0.5,ml,11,65,0.005874,0.09,ci,ci39471480,2020-06-09T20:04:45.980Z,"15km NE of Little Lake, CA",earthquake,0.17,0.18,0.213,4,reviewed,ci,ci
2020-06-09T16:39:23.480Z,38.1743,-117.9763,3.3,1.7,ml,17,116.07,0.025,0.12,nn,nn00745931,2020-06-09T16:45:27.490Z,"26 km SSE of Mina, Nevada",earthquake,,0.9,,,automatic,nn,nn
2020-06-09T16:38:23.360Z,38.1848,-117.966,3.3,1.8,ml,23,84.01,0.012,0.16,nn,nn00745929,2020-06-09T16:42:10.743Z,"26 km SSE of Mina, Nevada",earthquake,,0.8,,,automatic,nn,nn
2020-06-09T16:37:05.910Z,38.1523,-117.9665,13.6,1.2,ml,17,97.25,0.024,0.13,nn,nn00745926,2020-06-09T16:40:28.206Z,"29 km SSE of Mina, Nevada",earthquake,,1,,,automatic,nn,nn
2020-06-09T16:29:15.154Z,62.9742,-149.1389,55.3,1.4,ml,,,,0.99,ak,ak0207ej8249,2020-06-09T16:33:40.105Z,"47 km SSW of Cantwell, Alaska",earthquake,,0.5,,,automatic,ak,ak
2020-06-09T16:28:46.760Z,38.1395,-118.0758,5.4,1.9,ml,20,136.91,0.019,0.13,nn,nn00745922,2020-06-09T16:38:09.869Z,"28 km S of Mina, Nevada",earthquake,,2.1,,,automatic,nn,nn
2020-06-09T16:26:41.400Z,36.0185,-117.7751667,1.18,0.95,ml,15,59,0.01046,0.13,ci,ci39471448,2020-06-09T16:30:19.673Z,"15km NE of Little Lake, CA",earthquake,0.22,0.25,0.238,15,automatic,ci,ci
2020-06-09T16:25:11.760Z,38.1338,-117.8887,9.6,1,ml,11,95.75,0.013,0.06,nn,nn00745920,2020-06-09T16:29:26.690Z,"34 km SE of Mina, Nevada",earthquake,,1.1,,,automatic,nn,nn
2020-06-09T16:21:17.100Z,38.8143349,-122.817337,2.44,0.55,md,13,62,0.01068,0.02,nc,nc73405796,2020-06-09T16:36:02.685Z,"7km NW of The Geysers, CA",earthquake,0.35,0.8,,1,automatic,nc,nc
2020-06-09T16:20:51.640Z,33.5946667,-116.796,7.12,0.4,ml,14,113,0.02664,0.12,ci,ci39471440,2020-06-09T16:24:44.307Z,"12km WNW of Anza, CA",earthquake,0.42,0.57,0.117,6,automatic,ci,ci
2020-06-09T16:18:01.380Z,18.99,-67.7131,8,3.8,md,21,191,0.6492,0.5,pr,pr2020161026,2020-06-09T18:21:31.040Z,"85 km NW of San Antonio, Puerto Rico",earthquake,1.51,2.55,0.1,16,reviewed,pr,pr
2020-06-09T16:16:23.000Z,18.9558,-67.6743,5,3.35,md,16,189,0.6038,0.51,pr,pr2020161027,2020-06-09T17:23:00.040Z,"79 km NW of San Antonio, Puerto Rico",earthquake,1.59,1.41,0.13,12,reviewed,pr,pr
2020-06-09T16:15:26.770Z,38.1568,-117.9623,9.4,0.8,ml,11,107.5,0.027,0.12,nn,nn00745918,2020-06-09T16:26:06.501Z,"28 km SSE of Mina, Nevada",earthquake,,1.2,,,automatic,nn,nn
2020-06-09T16:14:25.979Z,60.8338,-138.1488,0,1.5,ml,,,,0.5,ak,ak0207ej4v7p,2020-06-09T16:19:06.370Z,"35 km WNW of Haines Junction, Canada",earthquake,,0.5,,,automatic,ak,ak
2020-06-09T16:10:08.031Z,38.1543,-117.9711,7.9,2,ml,27,95,0.018,0.1509,nn,nn00745916,2020-06-10T02:16:59.199Z,"28 km SSE of Mina, Nevada",earthquake,,0.7,0.27,9,reviewed,nn,nn
2020-06-09T16:09:29.886Z,-40.3315,173.782,130.28,4.5,ml,,174,0.936,0.44,us,us6000a8ls,2020-06-09T20:21:01.539Z,"87 km SW of Patea, New Zealand",earthquake,5.4,10.5,0.077,22,reviewed,us,us
2020-06-09T16:08:50.960Z,27.7736,53.3406,10,5.4,mww,,73,3.812,0.66,us,us6000a8lw,2020-06-09T18:11:15.278Z,"51 km ENE of Mohr, Iran",earthquake,7.6,1.9,0.089,12,reviewed,us,us
2020-06-09T16:06:21.020Z,38.1962,-117.739,10.5,1.1,ml,11,138.08,0.039,0.08,nn,nn00745913,2020-06-09T16:11:26.707Z,"38 km SE of Mina, Nevada",earthquake,,1.5,,,automatic,nn,nn
2020-06-09T16:04:59.880Z,62.8629,-151.137,96.3,1.1,ml,,,,0.61,ak,ak0207ej2so4,2020-06-09T16:09:13.770Z,"45 km NNW of Petersville, Alaska",earthquake,,1.3,,,automatic,ak,ak
2020-06-09T16:03:55.770Z,38.1672,-118.0183,5.9,1.5,ml,19,85.87,0.022,0.1,nn,nn00745909,2020-06-09T16:07:29.439Z,"26 km SSE of Mina, Nevada",earthquake,,0.9,,,automatic,nn,nn
2020-06-09T16:01:39.351Z,38.1706,-117.8356,5.4,2.1,ml,27,52.38,0.03,0.1568,nn,nn00745906,2020-06-10T02:16:56.721Z,"34 km SE of Mina, Nevada",earthquake,,0.8,0.55,9,reviewed,nn,nn
2020-06-09T16:01:13.910Z,36.0203333,-117.7771667,1.81,0.96,ml,12,65,0.01081,0.1,ci,ci39471416,2020-06-09T16:04:57.627Z,"15km NE of Little Lake, CA",earthquake,0.21,0.22,0.126,15,automatic,ci,ci
2020-06-09T16:00:22.030Z,34.3446667,-116.8498333,-1.54,1.2,ml,25,62,0.01881,0.17,ci,ci39471424,2020-06-10T02:47:27.239Z,"9km N of Big Bear City, CA",quarry blast,0.4,31.61,0.076,26,reviewed,ci,ci
2020-06-09T15:58:26.470Z,63.0591,-151.3677,0,1.5,ml,,,,0.77,ak,ak0207eisv5j,2020-06-09T16:09:13.350Z,"56 km SSE of Denali National Park, Alaska",earthquake,,0.3,,,automatic,ak,ak
2020-06-09T15:56:42.230Z,38.1557,-117.9033,0.4,1,ml,11,134.38,0.011,0.19,nn,nn00745902,2020-06-09T16:02:50.110Z,"31 km SE of Mina, Nevada",earthquake,,2.2,,,automatic,nn,nn
2020-06-09T15:54:20.450Z,38.147,-118.0328,1.6,0.7,ml,10,137.61,0.023,0.04,nn,nn00745900,2020-06-09T15:57:46.288Z,"27 km SSE of Mina, Nevada",earthquake,,8.1,,,automatic,nn,nn
2020-06-09T15:51:11.360Z,33.3816667,-116.2886667,11.64,1.8,ml,61,32,0.02602,0.21,ci,ci39471408,2020-06-09T17:59:17.210Z,"16km NNE of Borrego Springs, CA",earthquake,0.22,0.67,0.202,27,reviewed,ci,ci
2020-06-09T15:45:42.270Z,38.1433,-117.9858,6.6,1.7,ml,15,122.47,0.027,0.06,nn,nn00745897,2020-06-09T15:51:27.705Z,"29 km SSE of Mina, Nevada",earthquake,,0.4,,,automatic,nn,nn
2020-06-09T15:44:17.670Z,36.76316667,-98.0705,7.79,1.85,ml,61,112,0.1016800469,0.17,ok,ok2020lhnq,2020-06-09T16:18:38.228Z,"7 km E of Nescatunga, Oklahoma",earthquake,,0.5,0.2,27,reviewed,ok,ok
2020-06-09T15:44:09.348Z,38.4586,27.272,10,4.4,mb,,115,1.009,0.5,us,us6000a8l4,2020-06-09T16:51:31.129Z,"12 km ENE of ?zmir, Turkey",earthquake,4.6,2,0.378,2,reviewed,us,us
2020-06-09T15:44:08.599Z,44.3221,-114.9555,10,2.5,ml,,63,0.854,0.97,us,us6000a8l0,2020-06-09T16:57:45.040Z,"11 km N of Stanley, Idaho",earthquake,2.1,2,0.05,52,reviewed,us,us
2020-06-09T15:40:29.950Z,38.831501,-122.7931671,1.47,0.25,md,7,132,0.007242,0.01,nc,nc73405761,2020-06-09T15:55:05.389Z,"6km W of Cobb, CA",earthquake,0.71,0.44,,1,automatic,nc,nc
2020-06-09T15:37:30.570Z,38.139,-117.984,13.4,0.9,ml,12,106.95,0.027,0.08,nn,nn00745895,2020-06-09T15:46:26.781Z,"29 km SSE of Mina, Nevada",earthquake,,0.9,,,automatic,nn,nn
2020-06-09T15:34:43.700Z,38.1863,-117.7597,6.6,1.2,ml,16,111.22,0.052,0.07,nn,nn00745892,2020-06-09T15:38:46.776Z,"38 km SE of Mina, Nevada",earthquake,,1,,,automatic,nn,nn
2020-06-09T15:33:32.280Z,35.6071667,-117.4163333,9.31,1.37,ml,23,78,0.09227,0.23,ci,ci39471400,2020-06-09T18:01:21.230Z,"18km S of Trona, CA",earthquake,0.5,1.22,0.162,19,reviewed,ci,ci
2020-06-09T15:32:50.230Z,35.976,-117.392,1.76,1.05,ml,12,134,0.1135,0.14,ci,ci39471392,2020-06-09T15:36:33.395Z,"23km N of Searles Valley, CA",earthquake,0.36,0.52,0.101,10,automatic,ci,ci
2020-06-09T15:24:03.170Z,35.6226667,-117.4101667,8.99,1.21,ml,18,129,0.1044,0.19,ci,ci39471376,2020-06-09T15:27:45.497Z,"16km S of Trona, CA",earthquake,0.44,1.22,0.175,15,automatic,ci,ci
2020-06-09T15:23:56.440Z,38.1377,-118.0742,3.5,0.5,ml,14,128.38,0.023,0.16,nn,nn00745887,2020-06-09T15:27:05.966Z,"28 km S of Mina, Nevada",earthquake,,4.9,,,automatic,nn,nn
2020-06-09T15:22:39.406Z,33.2727,133.3763,15.42,4.8,mb,,83,0.619,0.54,us,us6000a8k6,2020-06-09T22:57:06.543Z,"15 km SSE of Susaki, Japan",earthquake,4.2,4.2,0.075,55,reviewed,us,us
2020-06-09T15:17:06.140Z,38.1057,-118.0817,0.9,1,ml,12,132.47,0.044,0.06,nn,nn00745883,2020-06-09T15:25:06.708Z,"31 km S of Mina, Nevada",earthquake,,9.1,,,automatic,nn,nn
2020-06-09T15:16:57.520Z,38.8333321,-122.7858353,2.14,1.04,md,19,64,0.006172,0.02,nc,nc73405756,2020-06-09T15:39:05.297Z,"6km WNW of Cobb, CA",earthquake,0.23,0.46,0.08,3,automatic,nc,nc
2020-06-09T15:14:48.910Z,38.1418,-118.0833,0.4,0.6,ml,8,164.96,0.044,0.11,nn,nn00745882,2020-06-09T15:18:24.465Z,"27 km S of Mina, Nevada",earthquake,,11.7,,,automatic,nn,nn
2020-06-09T15:08:01.283Z,38.1536,-118.0404,1.7,2.5,ml,27,104.47,0.011,0.1554,nn,nn00745878,2020-06-10T02:16:54.349Z,"26 km SSE of Mina, Nevada",earthquake,,0.4,0.4,9,reviewed,nn,nn
2020-06-09T15:05:22.350Z,38.151,-118.0828,0.8,0.5,ml,10,216.44,0.078,0.08,nn,nn00745877,2020-06-09T15:09:05.030Z,"26 km S of Mina, Nevada",earthquake,,10.1,,,automatic,nn,nn
2020-06-09T15:02:50.800Z,17.9703,-66.846,10,2.33,md,11,198,0.0335,0.22,pr,pr2020161025,2020-06-09T15:28:34.818Z,"3 km SW of Indios, Puerto Rico",earthquake,0.62,0.8,0.12,5,reviewed,pr,pr
2020-06-09T14:57:29.330Z,38.112,-118.009,6.9,0.6,ml,8,153.65,0.048,0.18,nn,nn00745876,2020-06-09T15:07:33.229Z,"32 km SSE of Mina, Nevada",earthquake,,2.1,,,automatic,nn,nn
2020-06-09T14:52:32.960Z,38.8334999,-122.7584991,0.53,0.72,md,8,163,0.009414,0.03,nc,nc73405741,2020-06-09T15:10:04.118Z,"3km WNW of Cobb, CA",earthquake,0.39,0.62,,1,automatic,nc,nc
2020-06-09T14:49:01.237Z,44.2838,-115.0215,10,3,ml,,66,0.844,0.65,us,us6000a8j3,2020-06-09T16:34:21.040Z,"9 km NW of Stanley, Idaho",earthquake,1.8,2,0.041,77,reviewed,us,us
2020-06-09T14:47:16.810Z,33.4761667,-116.5115,12.76,0.63,ml,19,56,0.07802,0.13,ci,ci39471336,2020-06-09T18:01:35.560Z,"17km ESE of Anza, CA",earthquake,0.22,0.56,0.16,15,reviewed,ci,ci
2020-06-09T14:42:24.270Z,38.1853,-117.7692,11.1,1.4,ml,17,103.69,0.062,0.2,nn,nn00745869,2020-06-09T14:46:27.013Z,"37 km SE of Mina, Nevada",earthquake,,1.6,,,automatic,nn,nn
2020-06-09T14:42:09.803Z,60.338,-152.0673,81.6,0.9,ml,,,,0.23,ak,ak0207ei3yt0,2020-06-09T14:45:17.910Z,"38 km NW of Ninilchik, Alaska",earthquake,,0.9,,,automatic,ak,ak
2020-06-09T14:40:58.090Z,38.8306656,-122.7948303,1.39,0.56,md,7,92,0.008489,0.01,nc,nc73405736,2020-06-09T14:59:03.063Z,"6km W of Cobb, CA",earthquake,0.38,1.23,,1,automatic,nc,nc
2020-06-09T14:40:52.860Z,35.6123333,-117.4086667,10.3,2.15,ml,30,78,0.09433,0.17,ci,ci39471328,2020-06-09T14:51:41.290Z,"17km S of Trona, CA",earthquake,0.28,0.59,0.101,26,automatic,ci,ci
2020-06-09T14:38:31.910Z,38.15,-117.8018,10.8,1.3,ml,16,109.23,0.062,0.05,nn,nn00745861,2020-06-09T14:42:10.400Z,"37 km SE of Mina, Nevada",earthquake,,0.8,,,automatic,nn,nn
2020-06-09T14:36:17.948Z,58.2439,-155.085,0,0.5,ml,,,,0.79,ak,ak0207ei2p4h,2020-06-09T14:40:36.593Z,"83 km NNW of Karluk, Alaska",earthquake,,0.7,,,automatic,ak,ak
2020-06-09T14:32:19.630Z,38.1875,-117.7675,13.2,1.3,ml,16,79.85,0.04,0.07,nn,nn00745858,2020-06-09T14:39:26.251Z,"37 km SE of Mina, Nevada",earthquake,,1.1,,,automatic,nn,nn
2020-06-09T14:18:40.260Z,33.5905,-116.8058333,5.16,-0.28,ml,4,177,0.03498,0.04,ci,ci39471312,2020-06-09T17:55:00.520Z,"13km WNW of Anza, CA",earthquake,0.88,0.49,0.13,1,reviewed,ci,ci
2020-06-09T14:09:29.840Z,44.4523333,-115.2123333,8.37,2.5,ml,13,82,0.848,0.26,mb,mb80434164,2020-06-09T20:23:25.620Z,"34 km NW of Stanley, Idaho",earthquake,0.66,1.58,0.294,14,reviewed,mb,mb
2020-06-09T14:08:17.770Z,38.8320007,-122.7943344,1.26,0.34,md,6,103,0.007118,0.01,nc,nc73405706,2020-06-09T14:35:03.915Z,"6km W of Cobb, CA",earthquake,0.69,1.35,,1,automatic,nc,nc
2020-06-09T14:07:53.760Z,38.8296661,-122.7943344,1.53,2.01,md,28,46,0.0138,0.03,nc,nc73405701,2020-06-09T22:10:26.034Z,"6km W of Cobb, CA",earthquake,0.18,0.31,0.16,7,automatic,nc,nc
2020-06-09T14:07:48.230Z,38.8310013,-122.7956696,1.52,2.18,md,9,82,0.008486,0.01,nc,nc73405711,2020-06-09T22:10:22.785Z,"6km W of Cobb, CA",earthquake,0.35,0.94,,1,automatic,nc,nc
2020-06-09T14:07:35.280Z,41.7795,-124.963333333333,4.03,1.83,ml,14,245,0.6994,2.21,uw,uw61639116,2020-06-09T16:43:10.870Z,"63 km W of Crescent City, California",earthquake,12.51,45.5,0.115132894847737,6,reviewed,uw,uw
2020-06-09T14:03:46.950Z,38.1795,-117.7593,0.1,1.1,ml,10,98.79,0.063,0.26,nn,nn00745857,2020-06-09T14:09:06.279Z,"38 km SE of Mina, Nevada",earthquake,,13.9,,,automatic,nn,nn
2020-06-09T13:54:17.170Z,38.1608,-117.8433,4,1.4,ml,18,73.84,0.014,0.11,nn,nn00745853,2020-06-09T13:59:48.967Z,"34 km SE of Mina, Nevada",earthquake,,0.6,,,automatic,nn,nn
2020-06-09T13:54:02.492Z,44.2846,-115.0304,10,4.1,mb,,66,0.848,0.7,us,us6000a8i5,2020-06-10T02:31:09.757Z,"10 km NW of Stanley, Idaho",earthquake,1.5,2,0.078,45,reviewed,us,us
2020-06-09T13:50:04.990Z,38.2585,-117.7577,2.9,1,ml,9,256.34,0.176,0.04,nn,nn00745851,2020-06-09T13:55:04.334Z,"34 km ESE of Mina, Nevada",earthquake,,3.8,,,automatic,nn,nn
2020-06-09T13:49:27.370Z,17.995,-66.7471,12,2.97,md,22,160,0.1336,0.22,pr,pr2020161024,2020-06-09T14:14:36.040Z,"3 km W of Tallaboa, Puerto Rico",earthquake,0.43,0.31,0.21,14,reviewed,pr,pr
2020-06-09T13:47:47.880Z,47.7468333333333,-122.800833333333,16.34,0.35,ml,4,234,0.0998,0.28,uw,uw61639101,2020-06-09T18:31:08.520Z,"7 km WNW of Bangor Trident Base, Washington",earthquake,2.6,3.58,0.0750018567447117,2,reviewed,uw,uw
2020-06-09T13:45:44.930Z,38.1828,-117.7408,9.5,1.4,ml,17,103.27,0.054,0.05,nn,nn00745846,2020-06-09T13:51:27.708Z,"39 km SE of Mina, Nevada",earthquake,,1.5,,,automatic,nn,nn
2020-06-09T13:44:21.180Z,38.1743,-117.9905,5.4,1.1,ml,13,81.68,0.035,0.21,nn,nn00745843,2020-06-09T13:47:46.523Z,"26 km SSE of Mina, Nevada",earthquake,,1,,,automatic,nn,nn
2020-06-09T13:38:54.522Z,38.1775,-117.7726,11.5,4.2,ml,31,47.11,0.054,0.1548,nn,nn00745837,2020-06-10T02:18:57.674Z,"37 km SE of Mina, Nevada",earthquake,,0.6,0.29,10,reviewed,nn,nn
2020-06-09T13:36:55.550Z,45.3608333,-112.5858333,9.64,1.13,ml,8,86,0.008,0.12,mb,mb80434144,2020-06-09T14:46:10.090Z,"16 km NNE of Dillon, Montana",earthquake,0.48,0.7,0.187,5,reviewed,mb,mb
2020-06-09T13:34:33.223Z,59.4175,-152.9099,79.4,1.3,ml,,,,0.34,ak,ak0207ehgvab,2020-06-09T13:39:34.829Z,"56 km W of Nanwalek, Alaska",earthquake,,0.5,,,automatic,ak,ak
2020-06-09T13:32:24.000Z,37.8696671,-122.2486649,8.49,1.67,md,22,39,0.0033,0.04,nc,nc73405676,2020-06-09T23:51:10.613Z,"2km E of Berkeley, CA",earthquake,0.21,0.38,0.2,9,automatic,nc,nc
2020-06-09T13:32:02.500Z,37.8709984,-122.2468338,9.15,2.72,md,68,31,0.003951,0.06,nc,nc73405671,2020-06-10T03:56:01.179Z,"2km E of Berkeley, CA",earthquake,0.13,0.26,0.14,66,automatic,nc,nc
2020-06-09T13:28:53.500Z,35.6231667,-117.4121667,3.49,0.75,ml,25,70,0.1728,0.17,ci,ci39471264,2020-06-09T14:53:33.604Z,"16km S of Trona, CA",earthquake,0.25,0.82,0.063,9,reviewed,ci,ci
2020-06-09T13:26:01.543Z,66.3037,-157.4074,0,1.3,ml,,,,1.04,ak,ak0207ehf32o,2020-06-09T13:29:42.167Z,"66 km S of Shungnak, Alaska",earthquake,,0.6,,,automatic,ak,ak
2020-06-09T13:25:44.230Z,38.8428345,-122.838501,2.32,1.7,md,26,80,0.01672,0.03,nc,nc73405666,2020-06-09T14:37:02.926Z,"10km NW of The Geysers, CA",earthquake,0.22,0.4,0.08,8,automatic,nc,nc
2020-06-09T13:23:27.320Z,19.185833,-155.4414978,8.21,1.76,md,17,156,0.1746,0.13,hv,hv71548642,2020-06-09T13:25:19.910Z,"4 km ESE of P?hala, Hawaii",earthquake,0.84,1.59,0.23,5,automatic,hv,hv
2020-06-09T13:23:20.820Z,19.2163334,-155.4396667,37.8,2.18,ml,56,124,0.04507,0.12,hv,hv71548647,2020-06-09T13:38:47.040Z,"4 km ENE of P?hala, Hawaii",earthquake,0.47,0.59,3.12,28,automatic,hv,hv
2020-06-09T13:23:09.520Z,38.2078,-117.7267,4.3,1.2,ml,15,122.43,0.031,0.13,nn,nn00745833,2020-06-09T13:36:55.154Z,"39 km ESE of Mina, Nevada",earthquake,,1.8,,,automatic,nn,nn
2020-06-09T13:21:50.480Z,38.1027,-118.0552,0.1,0.8,ml,8,199.2,0.063,0.35,nn,nn00745832,2020-06-09T13:36:44.977Z,"32 km S of Mina, Nevada",earthquake,,29,,,automatic,nn,nn
2020-06-09T13:18:26.540Z,38.1447,-118.0478,1.2,0.9,ml,11,190.46,0.028,0.2,nn,nn00745830,2020-06-09T13:23:25.819Z,"27 km S of Mina, Nevada",earthquake,,18.5,,,automatic,nn,nn
2020-06-09T13:14:01.150Z,33.4661667,-116.559,10.48,0.46,ml,20,48,0.04597,0.13,ci,ci39471232,2020-06-09T13:17:46.483Z,"14km SE of Anza, CA",earthquake,0.29,0.41,0.157,11,automatic,ci,ci
2020-06-09T13:12:57.787Z,38.1889,-117.9216,3.2,2,ml,25,82.1,0.048,0.1055,nn,nn00745826,2020-06-10T02:16:30.348Z,"27 km SE of Mina, Nevada",earthquake,,0.9,0.37,9,reviewed,nn,nn
2020-06-09T13:10:27.900Z,38.8215,-122.8413333,2.29,-0.38,md,16,80,0.005181,0.02,nc,nc73405656,2020-06-09T23:30:17.080Z,"9km NW of The Geysers, CA",earthquake,0.31,0.62,,1,reviewed,nc,nc
2020-06-09T13:06:05.040Z,38.1498,-117.9467,11.3,1.7,ml,17,74.92,0.008,0.09,nn,nn00745823,2020-06-09T13:13:56.624Z,"30 km SSE of Mina, Nevada",earthquake,,0.5,,,automatic,nn,nn
2020-06-09T13:05:22.210Z,38.1442,-118.019,1.8,0.8,ml,13,152.14,0.048,0.06,nn,nn00745822,2020-06-09T13:13:46.003Z,"28 km SSE of Mina, Nevada",earthquake,,9.6,,,automatic,nn,nn
2020-06-09T13:04:16.100Z,38.1575,-117.9803,12,0.9,ml,15,114.04,0.027,0.1,nn,nn00745820,2020-06-09T13:07:26.543Z,"28 km SSE of Mina, Nevada",earthquake,,1.3,,,automatic,nn,nn
2020-06-09T12:59:47.010Z,19.2045002,-155.399826,30.8,1.92,ml,55,157,0.0329,0.12,hv,hv71548622,2020-06-09T13:05:37.820Z,"8 km E of P?hala, Hawaii",earthquake,0.49,0.75,2.98,9,automatic,hv,hv
2020-06-09T12:56:44.440Z,38.1843,-117.9783,4.6,1.7,ml,21,75.59,0.018,0.13,nn,nn00745816,2020-06-09T13:01:47.827Z,"25 km SSE of Mina, Nevada",earthquake,,0.5,,,automatic,nn,nn
2020-06-09T12:54:54.238Z,60.2016,-143.6925,0,1.9,ml,,,,0.99,ak,ak0207egzrm7,2020-06-09T13:00:26.396Z,"120 km ESE of Cordova, Alaska",earthquake,,0.5,,,automatic,ak,ak
2020-06-09T12:52:46.660Z,38.165,-117.9575,5,1.3,ml,11,79.1,0.027,0.01,nn,nn00745814,2020-06-09T12:57:45.703Z,"28 km SSE of Mina, Nevada",earthquake,,0.5,,,automatic,nn,nn
2020-06-09T12:50:40.390Z,38.1633,-118.0102,1.1,1.1,ml,16,91.86,0.033,0.17,nn,nn00745811,2020-06-09T12:54:06.387Z,"26 km SSE of Mina, Nevada",earthquake,,1.3,,,automatic,nn,nn
2020-06-09T12:41:39.010Z,19.2183342,-155.3954926,31.85,1.83,md,44,158,0.08878,0.12,hv,hv71548602,2020-06-09T12:45:07.600Z,"8 km E of P?hala, Hawaii",earthquake,0.65,0.8,0.07,4,automatic,hv,hv
2020-06-09T12:40:58.560Z,33.6746667,-116.6933333,17.29,0.76,ml,38,54,0.01728,0.16,ci,ci39471208,2020-06-09T18:11:26.311Z,"8km SSE of Idyllwild, CA",earthquake,0.19,0.37,0.126,22,reviewed,ci,ci
2020-06-09T12:38:37.320Z,38.1755,-117.8202,9.3,1.4,ml,15,70.63,0.017,0.11,nn,nn00745806,2020-06-09T12:47:06.532Z,"34 km SE of Mina, Nevada",earthquake,,0.9,,,automatic,nn,nn
2020-06-09T12:35:19.250Z,38.1548,-117.9373,10.8,1.4,ml,14,70.79,0.017,0.1,nn,nn00745802,2020-06-09T12:38:47.023Z,"30 km SSE of Mina, Nevada",earthquake,,0.5,,,automatic,nn,nn
2020-06-09T12:29:47.793Z,64.1466,-148.7998,3.3,1.2,ml,,,,0.76,ak,ak0207egue80,2020-06-09T12:33:30.612Z,"21 km NE of Ferry, Alaska",earthquake,,0.7,,,automatic,ak,ak
2020-06-09T12:29:09.522Z,60.3093,-143.6486,11.1,1.2,ml,,,,0.58,ak,ak0207egub9j,2020-06-09T12:33:30.087Z,"119 km ESE of Cordova, Alaska",earthquake,,0.3,,,automatic,ak,ak
2020-06-09T12:28:25.650Z,38.1568,-117.9452,9.2,1.4,ml,18,93.76,0.02,0.11,nn,nn00745799,2020-06-09T12:36:07.022Z,"29 km SSE of Mina, Nevada",earthquake,,0.8,,,automatic,nn,nn
2020-06-09T12:26:05.320Z,38.1648,-117.9817,0.5,1.3,ml,13,97.52,0.031,0.06,nn,nn00745797,2020-06-09T12:29:46.566Z,"27 km SSE of Mina, Nevada",earthquake,,2.7,,,automatic,nn,nn
2020-06-09T12:24:58.213Z,61.494,-146.5804,18.3,1.4,ml,,,,0.73,ak,ak0207egtcgr,2020-06-09T12:29:38.452Z,"42 km NNW of Valdez, Alaska",earthquake,,0.2,,,automatic,ak,ak
2020-06-09T12:19:42.730Z,38.161,-117.8875,7.3,1.9,ml,21,72.72,0.016,0.13,nn,nn00745792,2020-06-09T12:27:29.455Z,"31 km SE of Mina, Nevada",earthquake,,0.7,,,automatic,nn,nn
2020-06-09T12:19:31.670Z,19.3285,-155.1238333,6.8,2.71,ml,55,131,0.0427,0.1,hv,hv71548572,2020-06-09T21:26:01.320Z,"15 km S of Fern Forest, Hawaii",earthquake,0.26,0.32,0.123,34,reviewed,hv,hv
2020-06-09T12:15:30.180Z,32.4276667,-117.7311667,5.91,2.21,ml,24,228,0.5227,0.34,ci,ci39471184,2020-06-09T18:09:25.240Z,"59km WSW of Coronado, CA",earthquake,1.05,31.61,0.114,49,reviewed,ci,ci
2020-06-09T12:11:27.280Z,35.7158333,-117.5593333,10.9,1.43,ml,24,142,0.1044,0.23,ci,ci39471176,2020-06-09T13:37:02.974Z,"15km NE of Ridgecrest, CA",earthquake,0.46,0.79,0.145,21,reviewed,ci,ci
2020-06-09T12:10:54.910Z,38.1665,-117.8693,7.2,0.1,ml,9,91.69,0.015,0.06,nn,nn00745789,2020-06-09T12:20:24.941Z,"32 km SE of Mina, Nevada",earthquake,,6.6,,,automatic,nn,nn
2020-06-09T12:02:20.890Z,35.8445,-117.6558333,12.71,0.78,ml,15,96,0.05541,0.22,ci,ci39471160,2020-06-09T12:05:58.376Z,"24km WNW of Searles Valley, CA",earthquake,0.61,0.96,0.199,8,automatic,ci,ci
2020-06-09T12:01:47.130Z,38.144,-117.9713,8.1,0.8,ml,10,109.4,0.026,0.03,nn,nn00745782,2020-06-09T12:05:05.732Z,"29 km SSE of Mina, Nevada",earthquake,,0.9,,,automatic,nn,nn
2020-06-09T11:55:19.120Z,38.2332,-117.8028,7.3,1.2,ml,18,94.78,0.051,0.13,nn,nn00745780,2020-06-09T12:03:06.545Z,"31 km ESE of Mina, Nevada",earthquake,,4.5,,,automatic,nn,nn
2020-06-09T11:52:27.099Z,63.0868,-149.677,94,0.7,ml,,,,0.66,ak,ak0207egduhh,2020-06-09T11:55:41.554Z,"49 km SW of Cantwell, Alaska",earthquake,,1,,,automatic,ak,ak
2020-06-09T11:48:37.660Z,38.1612,-117.993,0,0.5,ml,10,174.64,0.032,0.22,nn,nn00745779,2020-06-09T11:56:44.302Z,"27 km SSE of Mina, Nevada",earthquake,,0.9,,,automatic,nn,nn
2020-06-09T11:42:49.501Z,60.9762,-151.3987,60.8,1,ml,,,,0.27,ak,ak0207egbr1y,2020-06-09T11:46:29.607Z,"17 km SW of Tyonek, Alaska",earthquake,,0.9,,,automatic,ak,ak
2020-06-09T11:41:09.720Z,38.8261681,-122.7648315,2.09,0.56,md,9,128,0.005849,0.02,nc,nc73405631,2020-06-09T12:50:02.213Z,"4km W of Cobb, CA",earthquake,0.49,0.67,,1,automatic,nc,nc
2020-06-09T11:36:26.920Z,38.1612,-117.8857,10.2,1.1,ml,12,134.27,0.015,0.04,nn,nn00745777,2020-06-09T11:50:26.037Z,"32 km SE of Mina, Nevada",earthquake,,0.9,,,automatic,nn,nn
2020-06-09T11:30:54.210Z,19.0505,-68.12,40,3.83,md,18,265,0.5969,0.78,pr,pr2020161023,2020-06-09T19:33:29.544Z,"59 km NNE of Punta Cana, Dominican Republic",earthquake,5.37,15.25,0.09,12,reviewed,pr,pr
2020-06-09T11:29:55.883Z,60.8422,-138.1777,1.1,1.1,ml,,,,0.49,ak,ak0207eg8z8h,2020-06-09T11:33:46.986Z,"37 km WNW of Haines Junction, Canada",earthquake,,0.5,,,automatic,ak,ak
2020-06-09T11:29:06.530Z,17.984,-66.7468,14,2.31,md,16,173,0.1327,0.14,pr,pr2020161022,2020-06-09T11:49:16.689Z,"3 km WSW of Tallaboa, Puerto Rico",earthquake,0.45,0.36,0.38,15,reviewed,pr,pr
2020-06-09T11:14:56.750Z,33.2958333,-116.189,3.22,1.17,ml,56,25,0.1164,0.25,ci,ci39471152,2020-06-09T15:45:26.430Z,"18km NNW of Ocotillo Wells, CA",earthquake,0.21,0.42,0.115,36,reviewed,ci,ci
2020-06-09T11:12:50.250Z,33.58,-116.8016667,6.95,0.25,ml,14,98,0.0342,0.08,ci,ci39471144,2020-06-09T11:16:40.473Z,"12km WNW of Anza, CA",earthquake,0.27,0.44,0.142,5,automatic,ci,ci
2020-06-09T11:10:16.450Z,35.642,-117.4301667,6.61,0.9,ml,12,174,0.1285,0.13,ci,ci39471136,2020-06-09T13:38:05.871Z,"14km S of Searles Valley, CA",earthquake,0.69,1.45,0.245,7,reviewed,ci,ci
2020-06-09T11:07:03.790Z,38.1482,-117.9772,2.3,0.9,ml,10,125.03,0.036,0.14,nn,nn00745766,2020-06-09T11:10:45.417Z,"29 km SSE of Mina, Nevada",earthquake,,1.5,,,automatic,nn,nn
2020-06-09T11:04:48.750Z,38.152,-117.9523,8.1,1.5,ml,14,79.05,0.088,0.12,nn,nn00745764,2020-06-09T11:08:24.865Z,"29 km SSE of Mina, Nevada",earthquake,,11.4,,,automatic,nn,nn
2020-06-09T11:04:25.260Z,17.955,-66.7953,9,2.54,md,15,210,0.0863,0.14,pr,pr2020161021,2020-06-09T11:49:43.689Z,"5 km SSE of Indios, Puerto Rico",earthquake,0.41,0.44,0.27,4,reviewed,pr,pr
2020-06-09T11:04:07.770Z,33.4271667,-116.3633333,9.32,0.64,ml,23,76,0.07872,0.21,ci,ci39471128,2020-06-09T11:07:47.664Z,"19km N of Borrego Springs, CA",earthquake,0.33,1.1,0.139,13,automatic,ci,ci
2020-06-09T10:58:16.160Z,35.8776667,-117.7098333,10.63,0.22,ml,6,110,0.08219,0.02,ci,ci39471120,2020-06-09T13:38:53.011Z,"19km ESE of Little Lake, CA",earthquake,0.22,0.62,0.108,3,reviewed,ci,ci
2020-06-09T10:56:26.200Z,38.1683,-117.9882,0.1,0.7,ml,8,106.36,0.03,0.15,nn,nn00745763,2020-06-09T11:06:25.029Z,"26 km SSE of Mina, Nevada",earthquake,,6.1,,,automatic,nn,nn
2020-06-09T10:52:29.380Z,38.1273,-118.0782,2.8,1.1,ml,14,128.25,0.023,0.13,nn,nn00745758,2020-06-09T10:55:46.436Z,"29 km S of Mina, Nevada",earthquake,,2.4,,,automatic,nn,nn
2020-06-09T10:51:56.340Z,35.8571667,-117.6936667,4.39,0.69,ml,14,74,0.07551,0.14,ci,ci39471112,2020-06-09T10:55:39.943Z,"21km ESE of Little Lake, CA",earthquake,0.29,0.77,0.179,7,automatic,ci,ci
2020-06-09T10:46:49.220Z,17.9046,-66.8608,13,2.66,md,18,210,0.0729,0.21,pr,pr2020161020,2020-06-09T11:19:20.185Z,"8 km SSE of Maria Antonia, Puerto Rico",earthquake,0.75,0.36,0.21,10,reviewed,pr,pr
2020-06-09T10:45:07.414Z,54.2573,-161.3225,35,4.6,mb,,162,1.161,0.86,us,us6000a8fe,2020-06-09T18:55:00.551Z,"110 km SE of King Cove, Alaska",earthquake,7.1,2,0.046,144,reviewed,us,us
2020-06-09T10:44:04.720Z,61.5111,-151.1751,0,1.4,ml,,,,0.67,ak,ak0207efqnek,2020-06-09T10:57:29.992Z,"35 km W of Susitna, Alaska",earthquake,,0.4,,,automatic,ak,ak
2020-06-09T10:43:35.320Z,38.2338,-117.812,0,1.2,ml,11,164.83,0.058,0.22,nn,nn00745755,2020-06-09T10:48:06.336Z,"31 km SE of Mina, Nevada",earthquake,,18.3,,,automatic,nn,nn
2020-06-09T10:43:10.370Z,37.6055,-118.9411667,0.23,0.03,md,14,197,0.01877,0.03,nc,nc73405621,2020-06-09T18:41:03.518Z,"5km SE of Mammoth Lakes, CA",earthquake,0.42,0.29,0.155,13,reviewed,nc,nc
2020-06-09T10:40:00.830Z,34.2711667,-116.4555,7.81,1.43,ml,30,51,0.06371,0.23,ci,ci39471096,2020-06-09T10:43:42.539Z,"18km N of Yucca Valley, CA",earthquake,0.31,0.89,0.15,27,automatic,ci,ci
2020-06-09T10:38:11.147Z,38.1389,-118.0768,2.1,1.6,ml,27,63.83,0.029,0.1629,nn,nn00745750,2020-06-10T02:16:25.657Z,"28 km S of Mina, Nevada",earthquake,,0.8,0.28,9,reviewed,nn,nn
2020-06-09T10:38:02.360Z,35.6073333,-117.4341667,11.62,0.82,ml,11,171,0.03089,0.17,ci,ci39471088,2020-06-09T10:41:48.447Z,"18km S of Searles Valley, CA",earthquake,0.62,0.78,0.194,8,automatic,ci,ci
2020-06-09T10:38:00.272Z,38.1736,-117.7989,4.6,1.5,ml,17,84.58,0.058,0.0889,nn,nn00745751,2020-06-10T02:16:27.218Z,"36 km SE of Mina, Nevada",earthquake,,1.7,0.42,4,reviewed,nn,nn
2020-06-09T10:36:50.160Z,38.191,-117.7683,4.2,0.7,ml,11,102.88,0.056,0.01,nn,nn00745749,2020-06-09T10:40:04.922Z,"37 km SE of Mina, Nevada",earthquake,,4.1,,,automatic,nn,nn
2020-06-09T10:35:37.220Z,35.6458333,-117.4225,5.44,1.86,ml,28,100,0.06746,0.13,ci,ci39471080,2020-06-09T13:40:02.019Z,"14km S of Searles Valley, CA",earthquake,0.25,0.76,0.196,27,reviewed,ci,ci
2020-06-09T10:29:05.470Z,38.1165,-118.1457,2.1,0.7,ml,12,163.46,0.096,0.05,nn,nn00745745,2020-06-09T10:36:45.097Z,"30 km S of Mina, Nevada",earthquake,,9.5,,,automatic,nn,nn
2020-06-09T10:24:36.243Z,38.1591,-117.8855,7.1,2.2,ml,27,66.89,0.011,0.094,nn,nn00745740,2020-06-10T02:16:22.496Z,"32 km SE of Mina, Nevada",earthquake,,0.5,0.43,10,reviewed,nn,nn
2020-06-09T10:23:31.250Z,38.1375,-118.0367,0,1.3,ml,11,109.08,0.025,0.24,nn,nn00745738,2020-06-09T10:29:13.760Z,"28 km SSE of Mina, Nevada",earthquake,,8.1,,,automatic,nn,nn
2020-06-09T10:20:07.600Z,37.5866667,-118.8326667,3.37,0.4,md,10,240,0.004386,0.03,nc,nc71112599,2020-06-09T18:36:03.491Z,"14km WNW of Toms Place, CA",earthquake,1.01,1.26,0.143,9,reviewed,nc,nc
2020-06-09T10:19:36.350Z,37.5896667,-118.8288333,3.92,0.42,md,15,271,0.0004211,0.04,nc,nc73405606,2020-06-09T18:30:03.605Z,"14km WNW of Toms Place, CA",earthquake,0.66,0.58,0.162,15,reviewed,nc,nc
2020-06-09T10:18:39.340Z,38.1773,-117.8398,8.8,1.3,ml,19,73.07,0.018,0.08,nn,nn00745733,2020-06-09T10:24:46.320Z,"33 km SE of Mina, Nevada",earthquake,,0.8,,,automatic,nn,nn
2020-06-09T10:11:53.290Z,33.2218333,-116.067,5.13,0.83,ml,30,103,0.08945,0.22,ci,ci39471048,2020-06-09T15:32:51.340Z,"11km NE of Ocotillo Wells, CA",earthquake,0.28,0.84,0.147,13,reviewed,ci,ci
2020-06-09T10:11:25.035Z,63.173,-150.549,114.3,1.4,ml,,,,0.64,ak,ak0207efjme4,2020-06-09T10:20:29.874Z,"71 km SE of Denali National Park, Alaska",earthquake,,1.1,,,automatic,ak,ak
2020-06-09T10:09:57.270Z,39.2523346,-123.1418304,2.12,1.38,md,8,155,0.06788,0.02,nc,nc73405601,2020-06-09T11:38:02.735Z,"6km ESE of Redwood Valley, CA",earthquake,0.46,2.05,0.23,3,automatic,nc,nc
2020-06-09T10:09:05.510Z,39.2519989,-123.1439972,2.99,1.71,md,12,154,0.06709,0.04,nc,nc73405596,2020-06-09T11:13:02.593Z,"5km ESE of Redwood Valley, CA",earthquake,0.32,2.05,0.22,9,automatic,nc,nc
2020-06-09T10:03:27.853Z,38.1659,-117.879,4.6,2.7,ml,31,46.72,0.007,0.1961,nn,nn00745729,2020-06-10T02:16:18.500Z,"32 km SE of Mina, Nevada",earthquake,,0.7,0.46,10,reviewed,nn,nn
2020-06-09T10:01:04.970Z,35.78,-117.5888333,6.89,0.64,ml,20,79,0.03635,0.16,ci,ci39471024,2020-06-09T18:14:58.537Z,"17km W of Searles Valley, CA",earthquake,0.25,0.46,0.107,9,reviewed,ci,ci
2020-06-09T09:55:54.570Z,33.219,-116.0718333,2.96,1.38,ml,61,53,0.09436,0.2,ci,ci39471016,2020-06-09T16:44:31.112Z,"10km NNE of Ocotillo Wells, CA",earthquake,0.16,0.41,0.172,40,reviewed,ci,ci
2020-06-09T09:53:31.520Z,38.1647,-117.9843,0.2,0.5,ml,8,163.53,0.031,0.05,nn,nn00745727,2020-06-09T10:00:23.863Z,"27 km SSE of Mina, Nevada",earthquake,,0.3,,,automatic,nn,nn
2020-06-09T09:46:45.810Z,38.1637,-117.8813,7.6,1.5,ml,15,81.5,0.026,0.07,nn,nn00745722,2020-06-09T09:52:12.614Z,"32 km SE of Mina, Nevada",earthquake,,1.9,,,automatic,nn,nn
2020-06-09T09:45:48.109Z,36.87783333,-97.3805,7.73,1.36,ml,52,117,0.1556694523,0.33,ok,ok2020lhbv,2020-06-09T12:25:40.584Z,"6 km SW of Braman, Oklahoma",earthquake,,1,0.23,22,reviewed,ok,ok
2020-06-09T09:44:54.430Z,34.012,-117.2086667,16.19,0.92,ml,25,85,0.1315,0.22,ci,ci39471008,2020-06-09T09:48:40.924Z,"5km SSW of Redlands, CA",earthquake,0.34,0.88,0.155,25,automatic,ci,ci
2020-06-09T09:44:00.680Z,38.1635,-117.7823,4.6,1.7,ml,21,121.58,0.068,0.08,nn,nn00745719,2020-06-09T09:47:47.414Z,"38 km SE of Mina, Nevada",earthquake,,0.7,,,automatic,nn,nn
2020-06-09T09:43:53.208Z,62.9954,-150.6833,83.2,1.7,ml,,,,0.78,ak,ak0207ef53sx,2020-06-09T09:49:33.500Z,"55 km N of Petersville, Alaska",earthquake,,1,,,automatic,ak,ak
2020-06-09T09:42:26.600Z,38.1732,-117.9068,4.4,1.4,ml,14,76.55,0.044,0.4,nn,nn00745717,2020-06-09T09:45:46.051Z,"29 km SE of Mina, Nevada",earthquake,,1.3,,,automatic,nn,nn
2020-06-09T09:36:52.860Z,38.1475,-117.966,7.5,1.1,ml,11,106.29,0.015,0.32,nn,nn00745712,2020-06-09T09:40:44.968Z,"29 km SSE of Mina, Nevada",earthquake,,2,,,automatic,nn,nn
2020-06-09T09:36:10.022Z,59.5683,-151.9794,33,0.9,ml,,,,0.72,ak,ak0207ef3ii2,2020-06-09T09:39:40.753Z,"20 km NW of Seldovia, Alaska",earthquake,,0.3,,,automatic,ak,ak
2020-06-09T09:33:43.800Z,38.1687,-117.874,9.7,1.4,ml,16,75.4,0.025,0.13,nn,nn00745710,2020-06-09T09:38:06.738Z,"32 km SE of Mina, Nevada",earthquake,,0.7,,,automatic,nn,nn
2020-06-09T09:29:42.070Z,38.1495,-118.0077,1.4,0.5,ml,11,151.89,0.029,0.12,nn,nn00745707,2020-06-09T09:33:04.961Z,"28 km SSE of Mina, Nevada",earthquake,,1.7,,,automatic,nn,nn
2020-06-09T09:26:58.620Z,38.1953,-117.778,0,1.4,ml,20,64.09,0.046,0.52,nn,nn00745705,2020-06-09T09:31:46.740Z,"36 km SE of Mina, Nevada",earthquake,,23.4,,,automatic,nn,nn
2020-06-09T09:24:20.874Z,-20.9936,-178.9038,554.62,4.4,mb,,127,4.324,1.03,us,us6000a8d5,2020-06-09T09:46:14.040Z,"373 km SSE of Levuka, Fiji",earthquake,8.7,9.8,0.042,162,reviewed,us,us
2020-06-09T09:21:01.910Z,35.5733333,-117.405,8.69,1.87,ml,29,101,0.04844,0.14,ci,ci39470992,2020-06-09T17:23:28.635Z,"21km S of Trona, CA",earthquake,0.27,0.46,0.151,25,reviewed,ci,ci
2020-06-09T09:06:24.610Z,38.1417,-118.0907,1.7,1.3,ml,11,127.82,0.025,0.09,nn,nn00745700,2020-06-09T09:22:15.573Z,"27 km S of Mina, Nevada",earthquake,,10,,,automatic,nn,nn
2020-06-09T09:05:26.753Z,38.1462,-118.0875,2,1.9,ml,25,63.74,0.031,0.1604,nn,nn00745697,2020-06-10T02:16:11.612Z,"27 km S of Mina, Nevada",earthquake,,0.6,0.21,9,reviewed,nn,nn
2020-06-09T09:04:35.150Z,38.1487,-118.0942,1.9,1.2,ml,17,129.2,0.099,0.12,nn,nn00745695,2020-06-09T09:07:45.674Z,"26 km S of Mina, Nevada",earthquake,,8.4,,,automatic,nn,nn
2020-06-09T09:02:46.680Z,38.1305,-117.7943,13,0.3,ml,13,93.61,0.016,0.02,nn,nn00745693,2020-06-09T09:06:24.869Z,"39 km SE of Mina, Nevada",earthquake,,3.1,,,automatic,nn,nn
2020-06-09T08:58:02.360Z,36.1475,-117.9848333,3.09,2.21,ml,32,70,0.1094,0.13,ci,ci39470984,2020-06-09T17:43:03.220Z,"12km NNW of Coso Junction, CA",earthquake,0.15,0.54,0.165,49,reviewed,ci,ci
2020-06-09T08:56:22.240Z,38.2168,-117.788,4.7,1.9,ml,31,50.34,0.025,0.11,nn,nn00745690,2020-06-09T09:04:49.543Z,"34 km SE of Mina, Nevada",earthquake,,0.9,,,automatic,nn,nn
2020-06-09T08:54:36.850Z,38.17,-117.8603,6.4,0.7,ml,13,111.85,0.014,0.1,nn,nn00745687,2020-06-09T08:58:05.331Z,"32 km SE of Mina, Nevada",earthquake,,0.6,,,automatic,nn,nn
2020-06-09T08:46:16.660Z,19.2096,-67.6925,24,3.56,md,22,242,0.8523,0.36,pr,pr2020161018,2020-06-09T14:03:16.040Z,"101 km NW of San Antonio, Puerto Rico",earthquake,1.6,27.46,0.12,16,reviewed,pr,pr
2020-06-09T08:41:20.880Z,35.6205,-117.4781667,7.55,0.59,ml,9,152,0.03634,0.1,ci,ci39470976,2020-06-09T13:41:08.024Z,"18km SSW of Searles Valley, CA",earthquake,0.59,0.82,0.184,6,reviewed,ci,ci
2020-06-09T08:39:58.940Z,38.2615,-117.8282,6.8,1.1,ml,14,162.78,0.054,0.02,nn,nn00745684,2020-06-09T08:45:25.601Z,"28 km ESE of Mina, Nevada",earthquake,,8.5,,,automatic,nn,nn
2020-06-09T08:37:38.820Z,38.1577,-117.8195,6.3,1,ml,13,102.24,0.052,0.09,nn,nn00745682,2020-06-09T08:41:45.232Z,"36 km SE of Mina, Nevada",earthquake,,0.4,,,automatic,nn,nn
2020-06-09T08:35:32.640Z,36.87966667,-97.37616667,7.59,1.94,ml,72,118,0,0.25,ok,ok2020lgzm,2020-06-09T12:55:35.547Z,"6 km SW of Braman, Oklahoma",earthquake,,0.7,0.25,31,reviewed,ok,ok
2020-06-09T08:33:58.850Z,34.2645,-116.472,4.29,0.83,ml,11,80,0.0788,0.19,ci,ci39470968,2020-06-09T13:41:18.026Z,"17km NNW of Yucca Valley, CA",earthquake,0.32,0.98,0.14,14,reviewed,ci,ci
2020-06-09T08:33:02.340Z,38.1595,-117.9217,9.6,1.6,ml,20,73.76,0.027,0.15,nn,nn00745679,2020-06-09T08:39:07.199Z,"30 km SSE of Mina, Nevada",earthquake,,0.8,,,automatic,nn,nn
2020-06-09T08:29:37.266Z,66.1673,-148.3659,7.4,1.1,ml,,,,1.12,ak,ak0207eegmyf,2020-06-09T08:35:49.206Z,"37 km ENE of Stevens Village, Alaska",earthquake,,0.4,,,automatic,ak,ak
2020-06-09T08:29:01.297Z,63.2569,-151.7971,6,1,ml,,,,0.23,ak,ak0207eegk7p,2020-06-09T08:33:38.014Z,"31 km S of Denali National Park, Alaska",earthquake,,0.3,,,automatic,ak,ak
2020-06-09T08:28:12.660Z,38.2225,-117.6933,4.1,0.3,ml,8,103.82,0.042,0.02,nn,nn00745678,2020-06-09T08:34:03.886Z,"40 km ESE of Mina, Nevada",earthquake,,3.9,,,automatic,nn,nn
2020-06-09T08:24:56.160Z,61.5037,-151.2128,0,1.4,ml,,,,0.55,ak,ak0207eeflv6,2020-06-09T08:29:56.776Z,"37 km W of Susitna, Alaska",earthquake,,0.5,,,automatic,ak,ak
2020-06-09T08:24:40.700Z,38.1495,-117.977,6.3,0.8,ml,11,99.71,0.014,0.04,nn,nn00745673,2020-06-09T08:28:05.445Z,"29 km SSE of Mina, Nevada",earthquake,,0.4,,,automatic,nn,nn
2020-06-09T08:20:53.310Z,33.6831667,-116.727,16.59,0.55,ml,15,85,0.02991,0.22,ci,ci39470960,2020-06-09T13:41:20.025Z,"6km S of Idyllwild, CA",earthquake,0.57,0.82,0.134,12,reviewed,ci,ci
2020-06-09T08:19:27.070Z,35.6386667,-117.418,7.06,0.7,ml,23,97,0.0633,0.13,ci,ci39470952,2020-06-09T16:24:18.984Z,"14km S of Searles Valley, CA",earthquake,0.22,0.45,0.204,5,reviewed,ci,ci
2020-06-09T08:17:38.150Z,38.1598,-117.8875,4.4,0.8,ml,12,135.26,0.012,0,nn,nn00745671,2020-06-09T08:26:05.484Z,"32 km SE of Mina, Nevada",earthquake,,0.5,,,automatic,nn,nn
2020-06-09T08:15:40.530Z,37.586,-118.8235,4.14,0.63,md,19,275,0.006001,0.02,nc,nc73405571,2020-06-09T21:18:24.924Z,"13km WNW of Toms Place, CA",earthquake,0.97,0.6,0.178,16,reviewed,nc,nc
2020-06-09T08:15:39.120Z,38.7651672,-122.7216644,0.81,0.23,md,5,200,0.01776,0.07,nc,nc73405566,2020-06-09T08:31:04.547Z,"3km WSW of Anderson Springs, CA",earthquake,2.81,3.79,,1,automatic,nc,nc
2020-06-09T08:13:22.570Z,38.2097,-117.7455,9.4,1,ml,11,93.52,0.026,0.03,nn,nn00745669,2020-06-09T08:18:46.211Z,"37 km ESE of Mina, Nevada",earthquake,,2.2,,,automatic,nn,nn
2020-06-09T08:08:05.520Z,17.924,-66.7456,6,3.21,md,22,194,0.143,0.16,pr,pr2020161017,2020-06-09T08:35:49.984Z,"8 km SSW of Tallaboa, Puerto Rico",earthquake,0.46,0.29,0.17,16,reviewed,pr,pr
2020-06-09T08:07:12.250Z,38.1423,-118.013,4.2,1.1,ml,11,100.35,0.038,0.08,nn,nn00745666,2020-06-09T08:15:12.951Z,"28 km SSE of Mina, Nevada",earthquake,,1.7,,,automatic,nn,nn
2020-06-09T08:03:49.090Z,35.5303333,-117.4833333,8.25,0.77,ml,11,129,0.05863,0.1,ci,ci39470944,2020-06-09T13:41:35.028Z,"20km ESE of Ridgecrest, CA",earthquake,0.33,0.55,0.099,4,reviewed,ci,ci
2020-06-09T08:03:36.710Z,38.3763,-117.4095,0.2,0.8,ml,10,272.68,0.306,0.13,nn,nn00745663,2020-06-09T08:07:25.447Z,"37 km NNW of Tonopah, Nevada",earthquake,,12.8,,,automatic,nn,nn
2020-06-09T07:59:45.120Z,38.1413,-118.0475,0.3,1.5,ml,16,61.57,0.007,0.16,nn,nn00745658,2020-06-09T08:05:27.138Z,"28 km S of Mina, Nevada",earthquake,,11.8,,,automatic,nn,nn
2020-06-09T07:58:02.310Z,38.1462,-117.9608,8.6,0.4,ml,10,95.33,0.019,0.01,nn,nn00745657,2020-06-09T08:01:44.716Z,"30 km SSE of Mina, Nevada",earthquake,,1,,,automatic,nn,nn
2020-06-09T07:48:45.360Z,40.717,-112.0933333,11.24,0.6,md,16,46,0.03178,0.1,uu,uu60394822,2020-06-09T13:18:06.130Z,"1 km NE of Magna, Utah",earthquake,0.44,0.68,0.121,9,reviewed,uu,uu
2020-06-09T07:48:18.200Z,38.0445,-118.7688333,4.95,1.58,md,27,99,0.2931,0.07,nc,nc73405561,2020-06-09T22:55:04.114Z,"28km SE of Bodie, CA",earthquake,0.42,7.2,0.23,27,reviewed,nc,nc
2020-06-09T07:43:27.080Z,38.2055,-117.803,8.6,1.7,ml,18,132.7,0.055,0.05,nn,nn00745651,2020-06-09T07:49:26.865Z,"33 km SE of Mina, Nevada",earthquake,,1,,,automatic,nn,nn
2020-06-09T07:42:06.490Z,38.143,-118.031,4.7,0.9,ml,12,148.52,0.03,0.04,nn,nn00745650,2020-06-09T07:45:45.493Z,"28 km SSE of Mina, Nevada",earthquake,,1.2,,,automatic,nn,nn
2020-06-09T07:39:23.900Z,35.655,-117.408,4.38,0.89,ml,14,182,0.08137,0.2,ci,ci39470936,2020-06-09T13:41:53.032Z,"12km SSW of Trona, CA",earthquake,0.65,1.26,0.111,6,reviewed,ci,ci
2020-06-09T07:35:37.220Z,35.6726667,-117.5171667,11.74,0.56,ml,17,152,0.09694,0.18,ci,ci39470928,2020-06-09T18:23:19.877Z,"15km SW of Searles Valley, CA",earthquake,0.39,0.89,0.075,5,reviewed,ci,ci
2020-06-09T07:35:08.850Z,38.1872,-117.7203,10.6,0.9,ml,11,187.31,0.044,0.08,nn,nn00745647,2020-06-09T07:41:45.105Z,"40 km ESE of Mina, Nevada",earthquake,,1.4,,,automatic,nn,nn
2020-06-09T07:31:03.950Z,17.891,-66.8451,11,2.32,md,21,213,0.214,0.19,pr,pr2020161016,2020-06-09T08:30:18.392Z,"10 km SSE of Maria Antonia, Puerto Rico",earthquake,0.56,0.52,0.07,3,reviewed,pr,pr
2020-06-09T07:30:38.820Z,38.2167,-117.7693,2.3,0.9,ml,13,87.54,0.046,0.11,nn,nn00745643,2020-06-09T07:36:24.871Z,"35 km ESE of Mina, Nevada",earthquake,,1.8,,,automatic,nn,nn
2020-06-09T07:29:33.153Z,66.4359,-142.4947,0,2,ml,,,,0.65,ak,ak0207edv71t,2020-06-09T07:35:56.111Z,"59 km ESE of Chalkyitsik, Alaska",earthquake,,0.4,,,automatic,ak,ak
2020-06-09T07:29:09.020Z,33.1396667,-116.476,7.05,0.67,ml,19,129,0.1176,0.2,ci,ci39470920,2020-06-09T07:32:50.775Z,"14km ENE of Julian, CA",earthquake,0.54,0.91,0.189,5,automatic,ci,ci
2020-06-09T07:27:41.379Z,66.3721,-149.0035,0,1.6,ml,,,,1.06,ak,ak0207edus99,2020-06-09T07:32:33.881Z,"40 km N of Stevens Village, Alaska",earthquake,,0.2,,,automatic,ak,ak
2020-06-09T07:24:50.232Z,64.4497,-148.0405,0.3,2.3,ml,,,,0.64,ak,ak0207edu5se,2020-06-09T07:29:22.716Z,"41 km SSW of South Van Horn, Alaska",earthquake,,0.3,,,automatic,ak,ak
2020-06-09T07:21:45.144Z,64.3776,-148.0128,2.4,1.1,ml,,,,1.53,ak,ak0207edtib8,2020-06-09T07:25:01.100Z,"49 km SSW of South Van Horn, Alaska",earthquake,,0.4,,,automatic,ak,ak
2020-06-09T07:16:01.580Z,38.151,-117.9533,10,1.4,ml,22,97.88,0.014,0.14,nn,nn00745640,2020-06-09T07:31:46.995Z,"29 km SSE of Mina, Nevada",earthquake,,0.7,,,automatic,nn,nn
2020-06-09T07:13:40.370Z,38.1317,-118.1242,1.6,0.7,ml,8,172.47,0.069,0.04,nn,nn00745639,2020-06-09T07:17:23.968Z,"28 km S of Mina, Nevada",earthquake,,8.9,,,automatic,nn,nn
2020-06-09T07:10:37.610Z,33.88,-116.8191667,12.55,0.84,ml,26,70,0.04972,0.22,ci,ci39470912,2020-06-09T07:14:25.039Z,"5km SW of Cabazon, CA",earthquake,0.38,0.89,0.167,23,automatic,ci,ci
2020-06-09T07:04:02.580Z,37.5905,-118.8258333,3.44,0.21,md,9,256,0.002645,0.01,nc,nc73405556,2020-06-09T17:50:26.690Z,"13km WNW of Toms Place, CA",earthquake,1.68,2.29,0.263,8,reviewed,nc,nc
2020-06-09T07:02:15.370Z,38.1553,-117.882,5.5,1,ml,12,130.44,0.008,0.08,nn,nn00745637,2020-06-09T07:15:45.100Z,"32 km SE of Mina, Nevada",earthquake,,0.5,,,automatic,nn,nn
2020-06-09T07:00:04.020Z,38.1685,-117.8757,8.6,0.9,ml,12,111.56,0.013,0.07,nn,nn00745635,2020-06-09T07:03:44.478Z,"31 km SE of Mina, Nevada",earthquake,,0.9,,,automatic,nn,nn
2020-06-09T06:59:21.430Z,38.8026667,-122.8136667,2.39,0.23,md,4,219,0.01529,0.01,nc,nc73405551,2020-06-09T21:21:25.352Z,"6km WNW of The Geysers, CA",earthquake,1.77,1.13,,1,reviewed,nc,nc
2020-06-09T06:57:22.680Z,37.7257,-118.1632,0,0.4,ml,8,209.12,0.404,0.12,nn,nn00745634,2020-06-09T07:01:24.565Z,"10 km NW of Dyer, Nevada",earthquake,,12.4,,,automatic,nn,nn
2020-06-09T06:52:54.910Z,38.1047,-118.178,0.5,1.4,ml,15,125.13,0.09,0.19,nn,nn00745631,2020-06-09T06:59:26.251Z,"32 km S of Mina, Nevada",earthquake,,14.6,,,automatic,nn,nn
2020-06-09T06:51:31.980Z,38.1928,-117.7402,9.7,1.2,ml,21,66.01,0.055,0.07,nn,nn00745628,2020-06-09T06:54:46.423Z,"38 km SE of Mina, Nevada",earthquake,,2.1,,,automatic,nn,nn
2020-06-09T06:49:34.410Z,34.0563333,-117.172,9.27,1.06,ml,30,67,0.07906,0.17,ci,ci39470896,2020-06-09T07:00:18.310Z,"1km E of Redlands, CA",earthquake,0.22,0.7,0.192,29,automatic,ci,ci
2020-06-09T06:47:42.650Z,36.6528333,-121.2798333,5.3,0.76,md,18,138,0.05039,0.07,nc,nc73405546,2020-06-09T19:45:03.879Z,"16km SSE of Tres Pinos, CA",earthquake,0.26,0.67,0.326,12,reviewed,nc,nc
2020-06-09T06:43:18.832Z,65.5564,-165.1123,0,2.6,ml,,,,0.84,ak,ak0207edcqdk,2020-06-09T09:04:34.040Z,"66 km ENE of Teller, Alaska",earthquake,,0.3,,,automatic,ak,ak
2020-06-09T06:41:57.930Z,38.1782,-117.8565,3.1,0.8,ml,12,91.38,0.017,0.16,nn,nn00745625,2020-06-09T06:52:44.788Z,"32 km SE of Mina, Nevada",earthquake,,1.3,,,automatic,nn,nn
2020-06-09T06:40:02.230Z,17.8294,-66.8113,10,2.7,ml,,216,0.186,0.71,us,us6000a8b0,2020-06-09T08:42:50.040Z,"18 km S of Indios, Puerto Rico",earthquake,1.3,2,0.061,35,reviewed,us,us
2020-06-09T06:37:48.596Z,61.2937,-151.8932,8.4,0.9,ml,,,,1.53,ak,ak0207edbid2,2020-06-09T06:43:11.279Z,"46 km WNW of Beluga, Alaska",earthquake,,0.3,,,automatic,ak,ak
2020-06-09T06:36:29.697Z,61.9268,-150.5644,12.4,1.6,ml,,,,0.4,ak,ak0207edb97g,2020-06-09T06:39:49.712Z,"34 km NW of Willow, Alaska",earthquake,,0.3,,,automatic,ak,ak
2020-06-09T06:35:31.930Z,38.8116684,-122.8073349,1.27,1.69,md,32,45,0.0101,0.03,nc,nc73405541,2020-06-09T06:56:03.958Z,"6km NW of The Geysers, CA",earthquake,0.16,0.28,0.14,9,automatic,nc,nc
2020-06-09T06:32:42.983Z,69.5894,-144.7632,3.8,3.2,ml,,,,0.83,ak,ak0207edafao,2020-06-09T12:07:30.040Z,"74 km SW of Kaktovik, Alaska",earthquake,,198.1,,,automatic,ak,ak
2020-06-09T06:24:17.050Z,38.1215,-117.7868,15.2,0.7,ml,11,100.47,0.022,0.03,nn,nn00745623,2020-06-09T06:38:51.891Z,"41 km SE of Mina, Nevada",earthquake,,3.6,,,automatic,nn,nn
2020-06-09T06:23:34.800Z,38.1692,-117.8745,11,1,ml,14,138.64,0.02,0.1,nn,nn00745621,2020-06-09T06:38:44.406Z,"31 km SE of Mina, Nevada",earthquake,,1,,,automatic,nn,nn
2020-06-09T06:14:29.130Z,39.4118333,-110.289,-2.07,1.85,md,5,225,0.03053,0.02,uu,uu60394817,2020-06-09T13:29:05.780Z,"17 km SSE of Sunnyside, Utah",earthquake,1.44,1.05,0.21,5,reviewed,uu,uu
2020-06-09T06:13:25.576Z,65.9347,-150.5087,3,1.2,ml,,,,0.74,ak,ak0207ed6bf1,2020-06-09T06:22:25.689Z,"50 km NNW of Rampart, Alaska",earthquake,,0.3,,,automatic,ak,ak
2020-06-09T06:13:18.600Z,31.9031667,-117.2281667,23.71,3.26,ml,29,266,0.4808,0.23,ci,ci39470888,2020-06-09T22:28:03.572Z,"46km SW of Primo Tapia, B.C., MX",earthquake,0.62,0.49,0.175,189,reviewed,ci,ci
2020-06-09T06:10:07.513Z,57.2081,-154.8649,12.6,2.6,ml,,,,0.54,ak,ak0207ed5mvy,2020-06-09T12:32:06.040Z,"47 km SSW of Karluk, Alaska",earthquake,,0.4,,,automatic,ak,ak
2020-06-09T06:03:09.620Z,39.5913333,-123.2473333,3.27,1.57,md,22,29,0.05668,0.1,nc,nc73405531,2020-06-09T22:08:02.808Z,"20km NE of Brooktrails, CA",earthquake,0.21,0.74,0.151,17,reviewed,nc,nc
2020-06-09T05:59:43.417Z,59.8181,-151.4485,33.9,1.2,ml,,,,0.48,ak,ak0207ecus4k,2020-06-09T06:08:20.893Z,"9 km E of Nikolaevsk, Alaska",earthquake,,0.4,,,automatic,ak,ak
2020-06-09T05:53:41.080Z,38.1885,-117.7168,0.7,0.8,ml,13,103.28,0.034,0.11,nn,nn00745617,2020-06-09T06:15:04.815Z,"40 km ESE of Mina, Nevada",earthquake,,9.6,,,automatic,nn,nn
2020-06-09T05:51:50.170Z,37.5266667,-118.8383333,2.24,0.85,md,19,236,0.06367,0.07,nc,nc73405526,2020-06-09T17:43:25.193Z,"14km WSW of Toms Place, CA",earthquake,0.5,1.26,0.127,19,reviewed,nc,nc
2020-06-09T05:45:36.736Z,38.1563,-117.8797,8.5,2,ml,29,52.45,0.006,0.1343,nn,nn00745612,2020-06-10T02:16:08.640Z,"32 km SE of Mina, Nevada",earthquake,,0.6,0.3,11,reviewed,nn,nn
2020-06-09T05:45:15.780Z,38.833168,-122.8190002,1.76,0.56,md,10,88,0.01199,0.01,nc,nc73405516,2020-06-09T05:58:03.584Z,"8km NW of The Geysers, CA",earthquake,0.39,0.95,,1,automatic,nc,nc
2020-06-09T05:38:51.430Z,35.6528333,-117.398,7.99,0.96,ml,15,169,0.1305,0.18,ci,ci39470880,2020-06-09T05:42:31.497Z,"12km S of Trona, CA",earthquake,0.66,2.15,0.104,12,automatic,ci,ci
2020-06-09T05:38:08.640Z,36.52366667,-98.99183333,7.5,1.17,ml,24,146,0.04769064147,0.06,ok,ok2020lgtp,2020-06-09T13:55:05.487Z,"9 km NNE of Quinlan, Oklahoma",earthquake,,0.2,0.06,4,reviewed,ok,ok
2020-06-09T05:34:38.750Z,38.1588,-118.0058,2.2,0.7,ml,9,133.59,0.037,0.06,nn,nn00745611,2020-06-09T05:46:24.060Z,"27 km SSE of Mina, Nevada",earthquake,,8.2,,,automatic,nn,nn
2020-06-09T05:32:15.870Z,38.2343,-117.7762,8.1,1.7,ml,22,125,0.026,0.1,nn,nn00745608,2020-06-09T05:36:46.191Z,"33 km ESE of Mina, Nevada",earthquake,,2.5,,,automatic,nn,nn
2020-06-09T05:31:33.350Z,19.1953,-67.7401,53,3.62,md,25,241,0.8518,0.55,pr,pr2020161013,2020-06-09T07:42:16.040Z,"97 km NE of Punta Cana, Dominican Republic",earthquake,3.94,10.79,0.12,14,reviewed,pr,pr
2020-06-09T05:29:01.310Z,38.0481667,-118.7585,5.25,1.49,md,26,97,0.2848,0.05,nc,nc73405506,2020-06-09T19:41:05.857Z,"29km SE of Bodie, CA",earthquake,0.41,7.48,0.241,26,reviewed,nc,nc
2020-06-09T05:24:20.890Z,38.1537,-118.007,5.2,1.2,ml,19,109.13,0.037,0.1,nn,nn00745605,2020-06-09T05:33:25.771Z,"27 km SSE of Mina, Nevada",earthquake,,0.9,,,automatic,nn,nn
2020-06-09T05:23:22.180Z,33.4816667,-116.8015,5.08,0.38,ml,14,113,0.09925,0.08,ci,ci39470864,2020-06-09T05:26:59.404Z,"7km NE of Aguanga, CA",earthquake,0.21,1.21,0.126,7,automatic,ci,ci
2020-06-09T05:19:59.870Z,38.793499,-122.7286682,1.27,0.71,md,15,78,0.01203,0.04,nc,nc73405501,2020-06-09T05:51:04.716Z,"3km NE of The Geysers, CA",earthquake,0.25,0.75,0.06,4,automatic,nc,nc
2020-06-09T05:15:50.600Z,38.1537,-117.9797,0.8,0.1,ml,8,117.79,0.023,0.05,nn,nn00745604,2020-06-09T05:25:23.821Z,"28 km SSE of Mina, Nevada",earthquake,,8.3,,,automatic,nn,nn
2020-06-09T05:15:36.650Z,39.411,-110.2993333,-1.67,1.94,md,6,201,0.02387,0.03,uu,uu60394812,2020-06-09T13:31:11.550Z,"17 km SSE of Sunnyside, Utah",earthquake,0.98,0.72,0.12,6,reviewed,uu,uu
2020-06-09T05:10:44.420Z,39.5882,-119.131,0.2,1,ml,8,162.95,0.24,0.27,nn,nn00745603,2020-06-09T05:17:51.995Z,"10 km ESE of Fernley, Nevada",earthquake,,18.6,,,automatic,nn,nn
2020-06-09T05:08:57.230Z,39.409,-110.3023333,-1.63,1.63,md,7,200,0.0232,0.06,uu,uu60394807,2020-06-09T13:32:15.710Z,"17 km SSE of Sunnyside, Utah",earthquake,1.05,0.8,0.127,6,reviewed,uu,uu
2020-06-09T05:08:39.850Z,38.186,-117.7325,10.3,1.1,ml,14,197.24,0.039,0.08,nn,nn00745600,2020-06-09T05:17:44.412Z,"39 km SE of Mina, Nevada",earthquake,,1.8,,,automatic,nn,nn
2020-06-09T05:07:46.420Z,38.1627,-117.9798,3.7,0.8,ml,12,99.76,0.028,0.1,nn,nn00745598,2020-06-09T05:11:44.195Z,"27 km SSE of Mina, Nevada",earthquake,,0.9,,,automatic,nn,nn
2020-06-09T05:02:01.420Z,38.1543,-118.0622,8.1,1.6,ml,17,125.19,0.013,0.1,nn,nn00745595,2020-06-09T05:09:05.727Z,"26 km S of Mina, Nevada",earthquake,,1.8,,,automatic,nn,nn
2020-06-09T04:56:43.870Z,17.8136,-66.8671,6,2.53,md,22,244,0.1619,0.14,pr,pr2020161012,2020-06-09T05:46:41.920Z,"18 km SSE of Guánica, Puerto Rico",earthquake,0.56,0.48,0.12,4,reviewed,pr,pr
2020-06-09T04:56:10.403Z,-4.2115,126.4018,10,5.6,mww,,32,4.802,0.75,us,us6000a89s,2020-06-10T00:24:39.886Z,"205 km WSW of Ambon, Indonesia",earthquake,6.2,1.8,0.048,42,reviewed,us,us
2020-06-09T04:55:20.070Z,38.8213348,-122.7649994,1.67,1.57,md,30,66,0.009897,0.06,nc,nc73405486,2020-06-09T07:33:05.199Z,"4km W of Cobb, CA",earthquake,0.2,0.35,0.14,9,automatic,nc,nc
2020-06-09T04:54:54.310Z,35.5055,-118.4071667,1.42,1.09,ml,15,73,0.1661,0.2,ci,ci39470848,2020-06-09T13:43:23.553Z,"12km SE of Bodfish, CA",earthquake,0.48,0.96,0.137,11,reviewed,ci,ci
2020-06-09T04:52:30.490Z,39.4113333,-110.2931667,-1.82,1.5,md,5,223,0.02783,0.01,uu,uu60394802,2020-06-09T13:33:20.010Z,"17 km SSE of Sunnyside, Utah",earthquake,1.74,1.02,0.35,5,reviewed,uu,uu
2020-06-09T04:48:49.850Z,17.9225,-66.8381,10,3.22,md,23,198,0.0668,0.17,pr,pr2020161011,2020-06-10T00:14:58.040Z,"8 km SSW of Indios, Puerto Rico",earthquake,0.49,0.42,0.23,20,reviewed,pr,pr
2020-06-09T04:48:20.800Z,38.2107,-117.7928,6.4,1.1,ml,10,141.56,0.134,0.06,nn,nn00745594,2020-06-09T05:03:04.313Z,"34 km SE of Mina, Nevada",earthquake,,0.8,,,automatic,nn,nn
2020-06-09T04:47:26.628Z,63.3525,-150.1935,9.5,2.3,ml,,,,0.6,ak,ak0207ec6qkv,2020-06-09T04:54:36.391Z,"62 km W of Cantwell, Alaska",earthquake,,0.3,,,automatic,ak,ak
2020-06-09T04:44:11.862Z,66.4351,-142.4958,0,1.8,ml,,,,0.59,ak,ak0207ec62ct,2020-06-09T04:51:13.875Z,"59 km ESE of Chalkyitsik, Alaska",earthquake,,0.4,,,automatic,ak,ak
2020-06-09T04:44:03.830Z,38.2373,-117.7435,0.7,1.2,ml,15,85.91,0.056,0.06,nn,nn00745592,2020-06-09T04:49:44.676Z,"36 km ESE of Mina, Nevada",earthquake,,6.6,,,automatic,nn,nn
2020-06-09T04:38:56.340Z,17.9676,-67.1033,11,2.11,md,22,233,0.0393,0.14,pr,pr2020161010,2020-06-09T05:46:23.872Z,"6 km W of La Parguera, Puerto Rico",earthquake,0.67,0.33,0.03,4,reviewed,pr,pr
2020-06-09T04:36:03.680Z,38.1643,-117.9947,0,1.4,ml,10,144.7,0.01,0.07,nn,nn00745588,2020-06-09T04:45:24.613Z,"27 km SSE of Mina, Nevada",earthquake,,0.3,,,automatic,nn,nn
2020-06-09T04:32:17.760Z,18.0128,-66.754,11,2.38,md,17,140,0.1307,0.17,pr,pr2020161009,2020-06-09T05:17:18.704Z,"1 km ESE of Magas Arriba, Puerto Rico",earthquake,0.41,0.53,0.33,8,reviewed,pr,pr
2020-06-09T04:31:21.634Z,44.3932,-115.1412,10,2.3,ml,,80,0.925,0.69,us,us6000a8y3,2020-06-10T00:05:33.967Z,"25 km NW of Stanley, Idaho",earthquake,1.1,2,0.074,24,reviewed,us,us
2020-06-09T04:27:50.350Z,37.6121667,-118.8296667,2.81,0.35,md,6,189,0.01869,0.02,nc,nc73405481,2020-06-09T18:00:04.242Z,"13km ESE of Mammoth Lakes, CA",earthquake,0.67,1.6,0.033,5,reviewed,nc,nc
2020-06-09T04:26:11.560Z,38.1727,-117.9657,2,0.7,ml,12,96.42,0.025,0.23,nn,nn00745586,2020-06-09T04:37:04.180Z,"27 km SSE of Mina, Nevada",earthquake,,20.7,,,automatic,nn,nn
2020-06-09T04:22:59.200Z,38.189,-117.727,10.9,0.9,ml,9,202.86,0.038,0.03,nn,nn00745584,2020-06-09T04:27:43.680Z,"40 km SE of Mina, Nevada",earthquake,,5.3,,,automatic,nn,nn
2020-06-09T04:21:53.400Z,35.7546667,-117.559,5.17,0.71,ml,11,156,0.06852,0.21,ci,ci39470840,2020-06-09T04:25:25.044Z,"14km W of Searles Valley, CA",earthquake,0.82,0.9,0.127,7,automatic,ci,ci
2020-06-09T04:21:22.590Z,35.6846667,-117.504,10.27,1.04,ml,14,158,0.1037,0.19,ci,ci39470832,2020-06-09T13:43:54.360Z,"13km SW of Searles Valley, CA",earthquake,0.5,1.49,0.251,13,reviewed,ci,ci
2020-06-09T04:17:06.008Z,66.2473,-149.7906,3.1,1.3,ml,,,,0.86,ak,ak0207ec09k8,2020-06-09T04:23:07.279Z,"41 km NW of Stevens Village, Alaska",earthquake,,0.3,,,automatic,ak,ak
2020-06-09T04:11:28.280Z,38.8231667,-122.8538333,2.68,-0.22,md,21,64,0.004975,0.03,nc,nc73405476,2020-06-09T23:28:16.614Z,"10km WNW of The Geysers, CA",earthquake,0.21,0.52,,1,reviewed,nc,nc
2020-06-09T04:09:10.440Z,38.2035,-117.8467,5.3,0.8,ml,10,101.27,0.01,0.06,nn,nn00745583,2020-06-09T04:25:03.884Z,"30 km SE of Mina, Nevada",earthquake,,5.5,,,automatic,nn,nn
2020-06-09T04:03:24.480Z,33.4963333,-116.784,3.47,0.82,ml,32,31,0.02103,0.15,ci,ci39470824,2020-06-09T13:45:15.170Z,"10km NE of Aguanga, CA",earthquake,0.19,0.48,0.083,24,reviewed,ci,ci
